nucleotide	count..templates.reads.	frequencyCount....
ACCAGTGCCCATCCTGAAGACAGCAGCTTCTACATCTGCAGTGCTAGAGAATCCGGGACTCCTACCGGGGAGCTGTTTTTTGGAGAA	2	0.000581902822228688
TACCAGCTCCCAGACATCTGTGTACTTCTGTGCCACCCCCCGGGGTAGCGGGAGAGTCGGGCCAAAAACATTCAGTACTTCGGCGCC	1	0.000290951411114344
AATGTGAGCACCTTGGAGCTGGGGGACTCGGCCCTTTATCTTTGCGCCAGCAGTCAACAGGGTTTCGACACCATATATTTTGGAGAG	1	0.000290951411114344
TGAGCCCTGAAGACAGCAGCATATATCTCTGCAGCGCCCGACAGGGGGCGACTATCCGACGTGGCCTACGAGCAGTACTTCGGGCCG	1	0.000290951411114344
AAGATCCAGCCCTCAGAACCCAGGGACTCAGCTGTGTACTTCTGTGCCAGCAGCCCCGGGGAGGGCCTAGAACGGTACTTCGGGCCG	1	0.000290951411114344
CGCCTTGTTGCTGGGGGACTCGGCCCTCTATCTCTGTGCCAGCAGCCCAACCGGGACTAATCCTACAATGAGCAGTTCTTCGGGCCA	1	0.000290951411114344
GTCGGCTGCTCCCTCCCAGACATCTGTGTACTTCTGTGCCAGCAGTGAAGCTCGCCCTCTAGCACAGATACGCAGTATTTTGGCCCA	1	0.000290951411114344
AGTTCTAAGAAGCTCCTTCTCAGTGACTCTGGCTTCTATCTCTGTGCCTGGAGTGTGGAACTCTCAGGGGAGCAGTACTTCGGGCCG	1	0.000290951411114344
CAGCGCACAGAGCAGGGGGACTCGGCCATGTATCTCTGTGCCAGCAGCTTAGAGAAAGGACAGGACTATGGCTACACCTTCGGTTCG	2	0.000581902822228688
AGACATCTGTATATTTCTGCGCCAGCAGTGAGGACGTTAGTCGACAGGGTGGGGGGTTTAGCCAAAAACATTCAGTACTTCGGCGCC	1	0.000290951411114344
AATGTGAATGCCTTGGAGCTGGAGGACTCGGCCCTGTATCTCTGTGCCAGCACCAGACGGGAGGGAGAGACCCAGTACTTCGGGCCA	1	0.000290951411114344
CTGCAGCAAGAAGACTCAGCTGCGTATCTCTGCACCAGCAGCCAAGATCGAGGGGGCTCTGGGGCCAACGTCCTGACTTTCGGGGCC	1	0.000290951411114344
AATGTGAGCACCTTGGAGCTGGGGGACTCGGCCCTTTATCTTTGCGCCAGCAGCTTCGACAGGGGGGAGACCCAGTACTTCGGGCCA	1	0.000290951411114344
GTGAGCACCTTGGAGCTGGGGGACTCGGCCCTTTATCTTTGCGCCAGCAGCTCCGGGACAGGGGTAGAAAAACTGTTTTTTGGCAGT	1	0.000290951411114344
ACAGAGCAGGGGGACTCGGCCATGTATCTCTGTGCCAGCAGCTTAGGGGGGGCAGAGTCGAGACTCTATGGCTACACCTTCGGTTCG	1	0.000290951411114344
NTGTCGGCTGCTCCCTCCCAAACATCTGTGTACTTCTGTGCCAGCAGAGACCCTGGGGACAGTTACACTGAAGCTTTCTTTGGACAA	1	0.000290951411114344
TCCTGAAGACAGCAGCTTCTACATCTGCAGTGCTAGAGATCTGGATGGGGGCGCATCGGGGGAGGCACTGAAGCTTTCTTTGGACAA	1	0.000290951411114344
GCTGCTCCCTCCCAGACATCTGTGTACTTCTGTGCCAGCAGTTTACAGGGTTGGCAGCGGAAGAACACTGAAGCTTTCTTTGGACAA	1	0.000290951411114344
CAGCGCACACAGCAGGAGGACTCGGCCGTGTATCTCTGTGCCAGCAGCTACCAGGGGTTTGATGTCGGGGAGCTGTTTTTTGGAGAA	1	0.000290951411114344
AATGTGAGCACCTTGGAGCTGGGGGACTCGGCCCTTTATCTTTGCGCCAGCGAAACAGGGGAGAGGACTGAAGCTTTCTTTGGACAA	1	0.000290951411114344
TGTAGTCTGCTGCCTCCTCCCAGACATCTGTATATTTCTGCGCCAGCAGTGGTACGGGGAAGCTCCTACGAGCAGTACTTCGGGCCG	1	0.000290951411114344
ACAGTGACCAGTGCCCATCCTGAAGACAGCAGCTTCTACATCTGCAGTGCTCAGACAGGGGGCAATCAGCCCCAGCATTTTGGTGAT	1	0.000290951411114344
CTGACGATCCAGCGCACAGAGCAGGAGGACTCGGCCGTGTATCTCTGTGCCAGCAGCTCGCAGGGTAATGGCTACACCTTCGGTTCG	1	0.000290951411114344
TCCACAAAGCTGGAGGACTCAGCCATGTACTTCTGTGCCAGCAGTCCCTCTCTGGCGGGCTCCTACAATGAGCAGTTCTTCGGGCCA	1	0.000290951411114344
AGCGCACAGAGCAGGGGGACTCGGCCATGTATCTCTGTGCCAGCAGCTTGGGGCTTAGCGGGAACCCGAGAGCAGTTCTTCGGGCCA	1	0.000290951411114344
ACCCTGGAGTCTGCCAGGCCCTCACATACCTCTCAGTACCTCTGTGCCAGCGCTCTCTCCGGGACAGTTGAAGCTTTCTTTGGACAA	2	0.000581902822228688
CTTCTCAGTGACTCTGGCTTCTATCTCTGTGCCTGGACCCCCCGGGGGGGGACGGGGTCGGTCAATCAGCCCCAGCATTTTGGTGAT	1	0.000290951411114344
GAAGGTGCAGCCTGCAGAACTGGAGGATTCTGGAGTTTATTTCTGTGCCGCCCTCGAAGGTCCACAGATACGCAGTATTTTGGCCCA	1	0.000290951411114344
NNNNTGTCGGCTGCTCCCTCCCAGACATCTGTGTACTTCTGTGCCAGCAGTAGACTACAGGTTCTCACTGAAGCTTTCTTTGGACAA	1	0.000290951411114344
NNNNTGTCGGCTGCTCCCTCCCAGACATCTGTGTACTTCTGTGCCAGCAGTTACTCACGGAGGTCGGGGGGCTACACCTTCGGTTCG	1	0.000290951411114344
CTAGAGTCTGCCATCCCCAACCAGACAGCTCTTTACTTCTGTGCCACCAGTGACTCAGGGGGGAAGGAGACCCAGTACTTCGGGCCA	1	0.000290951411114344
TCTGCCATCCCCAACCAGACAGCTCTTTACTTCTGTGCCACCAGTGGGGCTAGCGGGAGAGCCACAGATACGCAGTATTTTGGCCCA	2	0.000581902822228688
AATGTGAGCACCTTGGAGCTGGGGGACTCGGCCCTTTATCTTTGCGCCAGCAGTCCCGACAGGAGTAAAGGCTACACCTTCGGTTCG	1	0.000290951411114344
GCTTGAGGACTCGGCCGTGTATCTCTGTGCCAGCAGCTTAAAAGACCACCCGGGACAGACTCTGGAAACACCATATATTTTGGAGAG	1	0.000290951411114344
CCGCTCAGGCTGGAGTTGGCTGCTCCCTCCCAGACATCTGTGTACTTCTGTGCCAGCAGTTGGAGGGACGAGCAGTACTTCGGGCCG	2	0.000581902822228688
GTGACCAGTGCCCATCCTGAAGACAGCAGCTTCTACATCTGCAGTGCTAGAGAACAGGGCTCTGGAAACACCATATATTTTGGAGAG	1	0.000290951411114344
AATTCCCTGGAGCTTGGTGACTCTGCTGTGTATTTCTGTGCCAGCAGCCAAACTTTTCCGAACACCGGGGAGCTGTTTTTTGGAGAA	43	0.0125109106779168
CAGCGCACACAGCAGGAGGACTCCGCCGTGTATCTCTGTGCCAGCAGCCCCAGGACAGGGGCGAACACTGAAGCTTTCTTTGGACAA	1	0.000290951411114344
AATGTGAGCACCTTGGAGCTGGGGGACTCGGCCCTTTATCTTTGCGCCAGCAGCTTGGGGAGGACAGATACGCAGTATTTTGGCCCA	1	0.000290951411114344
NNNNNNGATTTCCTCCTCACTCTGGAGTCCGCTACCAGCTCCCAGACATCTGTGTACTTCTGTGCCATCACCTTCTTTTTTGGCAGT	1	0.000290951411114344
AGCACCAACCAGACATCTATGTACCTCTGTGCCAGCAGCTCCTCGGGCCCAGAGGGAGGGGTCCAAGAGACCCAGTACTTCGGGCCA	1	0.000290951411114344
CAGCCCTCAGAACCCAGGGACTCAGCTGTGTACTTCTGTGCCAGCAGTGTAGAGTCCAGGGGGGGAGAGACCCAGTACTTCGGGCCA	1	0.000290951411114344
TGTACCCTCTCAGACATCTGTGTACTTCTGTGCCAGCAGTGACTCGGTGAAGCGGAGACCCACTCCTACGAGCAGTACTTCGGGCCG	1	0.000290951411114344
NTGTCGGCTGCTCCCTCCCAGACATCTGTGTACTTCTGTGCCAGCAGTTACTCCACAGAACTTAACTATGGCTACACCTTCGGTTCG	1	0.000290951411114344
TCCGCTACCAGCTCCCAGACATCTGTGTACTTCTGTGCCATCAGTACGACTAGCGGGCAGCCCACAGATACGCAGTATTTTGGCCCA	1	0.000290951411114344
GAGATCCAGCGCACAGAGCAGGGGGACTCGGCCATGTATCTCTGTGCCAGCAGTCCTCCGTACCAAGAGACCCAGTACTTCGGGCCA	1	0.000290951411114344
AATGTGAGCACCTTGGAGCTGGGGGACTCGGCCCTTTATCTTTGCGCCAGCAGCTTGGGGGGAGACGATACGCAGTATTTTGGCCCA	1	0.000290951411114344
AGTCGCCCAGCCCCAACCAGACCTCTCTGTACTTCTGTGCCAGCAGCCCTACAGGGGCCTCTGAACACTGAAGCTTTCTTTGGACAA	1	0.000290951411114344
GCGTCTGCTGTACCCTCTCAGACATCTGTGTACTTCTGTGCCAGCAGTCGGGGGGGAAGTGCAGGGGAGACCCAGTACTTCGGGCCA	1	0.000290951411114344
GAGGACTCCGCCGTGTATCTCTGTGCCAGCAGCTTATTTGCGACTAGCGGGCAAGCGGGGGCCAAAAACATTCAGTACTTCGGCGCC	1	0.000290951411114344
ATCCAGCCCTCAGAACCCAGGGACTCAGCTGTGTACTTCTGTGCCAGCAGTTTAGACATAAACTACAATGAGCAGTTCTTCGGGCCA	1	0.000290951411114344
ATCCGGTCCACAAAGCTGGAGGACTCAGCCATGTACTTCTGTGCCAGCAGTGAATCACAGTCGCGGGAGACCCAGTACTTCGGGCCA	1	0.000290951411114344
CCTGCAAAGCTTGAGGACTCGGCCGTGTATCTCTGTGCCAGCAGCCCAAGACAGGGGATAGCCAAAAACATTCAGTACTTCGGCGCC	1	0.000290951411114344
CAGCGCACAGAGCAGGGGGACTCGGCCATGTATCTCTGTGCCAGCAGCTTAGCGGGAGGAGACACCGGGGAGCTGTTTTTTGGAGAA	1	0.000290951411114344
TTGGAGATCCAGCGCACAGAGCAGGGGGACTCGGCCATGTATCTCTGTGCCAGCAGACCCCGCGGGGATACGCAGTATTTTGGCCCA	1	0.000290951411114344
ACAAAGCTGGAGGACTCAGCCATGTGCTTCTGTGCCAGCAGTTCAAGCGGGAGAACAAGGGCCTACAATGAGCAGTTCTTCGGGCCA	1	0.000290951411114344
CTGGAGCTGGGGGACTCAGCTTTGTATTTCTGTGCCAGCAGCGATTTTTTGGGACTACAAGGCTACAATGAGCAGTTCTTCGGGCCA	2	0.000581902822228688
NNNNNNNNNNTGTCGGCTGCTCCCTCCCAGACATCTGTGTACTTCTGTGCCAGCAGGATGGAGGGATACGGCTACACCTTCGGTTCG	1	0.000290951411114344
CTGAGCTCTCTGGAGCTGGGGGACTCAGCTTTGTATTTCTGTGCCAGCAGCACTACTAGGTACCCAAACACCATATATTTTGGAGAG	1	0.000290951411114344
GTGACCAGTGCCCATCCTGAAGACAGCAGCTTCTACATCTGCAGTGCTAGCCCCGCTGGGGGGGGACACCCTCAGTATTTTGGCCCA	1	0.000290951411114344
ATCCAGCGCACAGAGCAGGAGGACTCGGCCGTGTATCTCTGTGCCAGCAGCCTCGGGACTAGCCCAGATACGCAGTATTTTGGCCCA	1	0.000290951411114344
GGAGATTCGGCAGCTTATTTCTGTGCCAGCTCACTGACGGACAGGGGGCGCGGCTAGCGGGTCACAGATACGCAGTATTTTGGCCCA	1	0.000290951411114344
ACTCTGGAGTCCGCTACCAGCTCCCAGACATCTGTGTACTTCTGTGCCATCAGTGAAGTTAGGGAAGGTGAGCAGTTCTTCGGGCCA	1	0.000290951411114344
TGGCGTCTGCTGTACCCTCTCAGACATCTGTGTACTTCTGTGCCAGCAGTGACCCTGGGGGCAGCGAGCGCCCAGTACTTCGGGCCA	2	0.000581902822228688
GTGAGCACCTTGGAGCTGGGGGACTCGGCCCTTTATCTTTGCGCCAGCAGCACCGACAGTATTATCCAGACCCAGTACTTCGGGCCA	1	0.000290951411114344
TCCCTCCCAAACATCTGTGTACTTCTGTGCCAGCAGTTAGGACTAGCGGGAGCCCTCTTGTATCGATACGAGCAGTACTTCGGGCCG	1	0.000290951411114344
GTCCGCCAGCACCAACCAGACATCTATGTACCTCTGTGCCAGCAGCCTTGACGGAACTCTGGGGCCAACGTCCTGACTTTCGGGGCC	1	0.000290951411114344
AAGATCCAGCGCACACAGCAGGAGGACTCCGCCGTGTATCTCTGTGCCAGCAGCCTGGGACAGGCCTACGAGCAGTACTTCGGGCCG	1	0.000290951411114344
TACCAGCTCCCAGACATCTGTGTACTTCTGTGCCATCAGTGACCCTCGGGGGATCCGGTGGGCAAAAACATTCAGTACTTCGGCGCC	1	0.000290951411114344
GTGAGCACCTTGGAGCTGGGGGACTCGGCCCTTTATCTTTGCGCCAGCAGCCTCAGGGGGAGCGGCACTGAAGCTTTCTTTGGACAA	1	0.000290951411114344
ACTCAGCTGTGTATTTTTGTGCTAGTGGTTTGGGGGGGTGAGTCCAGGGGGCGCGGGTCAGGGGCCAACGTCCTGACTTTCGGGGCC	1	0.000290951411114344
AACGCCTTGTTGCTGGGGGACTCGGCCCTCTATCTCTGTGCCAGCAGCTCGGGACTAGCGGGGTCCTACGAGCAGTACTTCGGGCCG	1	0.000290951411114344
GTGAGCACCTTGGAGCTGGGGGACTCGGCCCTTTATCTTTGCGCCAGCAGCTTGACAGGGGCGGATGAAAAACTGTTTTTTGGCAGT	1	0.000290951411114344
CGGCTGCTCCCTCCCAGACATCTGTGTACTTCTGTGCCAACGTGCACTAGCGGGAGGCCAACCTACAATGAGCAGTTCTTCGGGCCA	1	0.000290951411114344
TGGAGTCGCCCAGCCCCAACCAGACCTCTCTGTACTTCTGTGCCGGAGGGTACTCGCGGGTCCTACAATGAGCAGTTCTTCGGGCCA	1	0.000290951411114344
NNNNTGTCGGCTGCTCCCTCCCAGACATCTGTGTACTTCTGTGCCAGCAGCACAGGGGATCGGTCCTACGAGCAGTACTTCGGGCCG	1	0.000290951411114344
ACAGTGACCAGTGCCCATCCTGAAGACAGCAGCTTCTACATCTGCAGTGCTAGCGGGGGCACTAACTATGGCTACACCTTCGGTTCG	1	0.000290951411114344
TCCAGCAGGTAGTGCGAGGAGATTCGGCAGCTTATTTCTGTGCCAGCTCACCAAGGAGGGGGCAACACTGAAGCTTTCTTTGGACAA	1	0.000290951411114344
AAGATCCAGCCCTCAGAACCCAGGGACTCAGCTGTGTACTTCTGTGCCAGCAGTTTAAGAGCAGACACTGAAGCTTTCTTTGGACAA	2	0.000581902822228688
GACCAGTGCCCATCCTGAAGACAGCAGCTTCTACATCTGCAGTGCTAGTATGTGTCGAGCTCCTACAATGAGCAGTTCTTCGGGCCA	1	0.000290951411114344
TCTCTGGAGCTGGGGGACTCAGCTTTGTATTTCTGTGCCAGCAGCGTAGGTTTACTAGCGGGAGATGGCGAGCAGTACTTCGGGCCG	1	0.000290951411114344
GAGCAGGGGGACTCGGCCATGTATCTCTGTGCCAGCAGCTGGTCCGGGACAGGGGGACTGAGAGACTATGGCTACACCTTCGGTTCG	1	0.000290951411114344
TCTGTGTACTTGTGTGCCAGCAGTTAATCTGGGTGAGTCGACACCGGGACAGGAGTTAAAAACCAAGAGACCCAGTACTTCGGGCCA	1	0.000290951411114344
GGAGCTTGGTGACTCTGCTGTGTATTTCTGTGCCAGCAGCCGAAGGGGACAGGGGGGATTTCTAACTATGGCTACACCTTCGGTTCG	1	0.000290951411114344
ATCCAGCGCACACAGCAGGAGGACTCGGCCGTGTATCTCTGTGCCAGCAGCTCGACCCGAGCCAAAAACATTCAGTACTTCGGCGCC	1	0.000290951411114344
NNNNNNNNNNNNNTGTCGGCTGCTCCCTCCCAGACATCTGTGTACTTCTGTGCCAGCAGTGGACCTGAAAAACTGTTTTTTGGCAGT	1	0.000290951411114344
AAGATCCAGCCCTCAGAACCCAGGGACTCAGCTGTGTACTTCTGTGCCAGCAGCCCAACAGGAGGCTATGGCTACACCTTCGGTTCG	2	0.000581902822228688
GATCCAGTCCACGGAGTCAGGGGACACAGCACTGTATTTCTGTGCCAGCACCCCCCCGGGAGGAATCAGCCCCAGCATTTTGGTGAT	1	0.000290951411114344
CTGGAGTCCGCCAGCACCAACCAGACATCTATGTACCTCTGTGCCAGCAGTCTAAGACAGGGGAATCAGCCCCAGCATTTTGGTGAT	1	0.000290951411114344
CCCTAGAGTCTGCCATCCCCAACCAGACAGCTCTTTACTTCTGTGCCACCAGGGACTAGCCGGTAAGAGACCCAGTACTTCGGGCCA	1	0.000290951411114344
CTGATTCTGGAGTCCGCCAGCACCAACCAGACATCTATGTACCTCTGTGCCAGCAGTCTACCTAATGAAAAACTGTTTTTTGGCAGT	1	0.000290951411114344
GGCCCAAAAGAACCCGACAGCTTTCTATCTCTGTGCCAGTAGTACCCCACCCGCCAACAGGATAATCAGCCCCAGCATTTTGGTGAT	1	0.000290951411114344
NCTCTGAAGATCCGGTCCACAAAGCTGGAGGACTCAGCCATGTACTTCTGTGCCAGCGCGAAGGAAGATACGCAGTATTTTGGCCCA	1	0.000290951411114344
CAGCGCACAGAGCAGGAGGACTCGGCCGTGTATCTCTGTGCCAGCAGCGACGGACTAGCGGGAGGGAATGAGCAGTTCTTCGGGCCA	1	0.000290951411114344
AGCACCTTGGAGCTGGGGGACTCGGCCCTTTATCTTTGCGCCAGCAGAATCGTATCGGATGCTTACAATGAGCAGTTCTTCGGGCCA	1	0.000290951411114344
AGCGCACAGAGCAGGAGGACTCGGCCGTGTATCTCTGTGCCAGCAGCTTAGCGGCAGGCCCTTAATTCACCCCTCCACTTTGGGAAT	1	0.000290951411114344
ATCCTGAGGATCCAGCAGGTAGTGCGAGGAGATTCGGCAGCTTATTTCTGTGCCAGCTCACCACCCGGGGGTCGGGTCTTTGGGAAT	1	0.000290951411114344
CAGCAGGAGGACTCCGCCGTGTATCTCTGTGCCAGCAGCTTAGCGCCGACAGGGGACGGGTGGAACTATGGCTACACCTTCGGTTCG	1	0.000290951411114344
CTGAGTTCTAAGAAGCTCCTTCTCAGTGACTCTGGCTTCTATCTCTGTGCCGGGAAGCTCGCTAACTATGGCTACACCTTCGGTTCG	2	0.000581902822228688
ATCCAGCCCTCAGAACCCAGGGACTCAGCTGTGTACTTCTGTGCCAGCAGTTATGACAGGGGCAAATCACCCCTCCACTTTGGGAAC	1	0.000290951411114344
TCTGCTGCCTCCTCCCAGACATCTGTATATTTCTGCGCCAGCAGTGAAGACTAGCAGTGCTCCTACAATGAGCAGTTCTTCGGGCCA	1	0.000290951411114344
ACCAGTGCCCATCCTGAAGACAGCAGCTTCTACATCTGCAGCCTAATACCGGGACTAGCGGGACCAGATACGCAGTATTTTGGCCCA	1	0.000290951411114344
ACCTTGGAGCTGGGGGACTCGGCCCTTTATCTTTGCGCCAGCACCCCTGGTCGGGGAGGGCCAGGCGGGGAGCTGTTTTTTGGAGAA	2	0.000581902822228688
AGCACCTTGGAGCTGGGGGACTCGGCCCTTTATCTTTGCGCCAGCAGCTTGGGGCCGGGAGATAACACTGAAGCTTTCTTTGGACAA	2	0.000581902822228688
TCCAGCGCACAGAGCGGGGGGACTCAGCCGTGTATCTCTGTGCCAGCAGCCCGGACAGGGTTCGGTCAGCCCCAGCATTTTGGTGAT	1	0.000290951411114344
CCTTCATGTGGTCGCACTGCAGCAAGAAGACTCAGCTGCGTATCTCTGCACCAGCAGGGGAGGGCCAACGTCCTGACTTTCGGGGCC	2	0.000581902822228688
TCGGCTGCTCCCTCCCAGACATCTGTGTACTTCTGTGCCAGCAGCCGCGGGACAGGGACGGACACCGGGGAGCTGTTTTTTGGAGAA	1	0.000290951411114344
ACAGTGACCAGTGCCCATCCTGAAGACAGCAGCTTCTACATCTGCAGTGCTTTCGACAGGGGAGGTGAAAAACTGTTTTTTGGCAGT	1	0.000290951411114344
CGCACACAGCAGGAGGACTCGGCCGTGTATCTCTGTGCCAGCAGCTTACCCGGGACCCACGCCACCGGGGAGCTGTTTTTTGGAGAA	1	0.000290951411114344
NNNNNNNTGTCGGCTGCTCCCTCCCAGACATCTGTGTACTTCTGTGCCAGCAGGGGGACTAGCGGGAACGAGCAGTACTTCGGGCCG	1	0.000290951411114344
ACATCGGCCCAAAAGAACCCGACAGCTTTCTATCTCTGTGCCAGTAGTGATCAGGGAGGGAAGTACAATGAGCAGTTCTTCGGGCCA	1	0.000290951411114344
TCTAAGAAGCTCCTTCTCAGTGACTCTGGCTTCTATCTCTGTGCCTGGAGGCCGAGAGACAGGGGGCTTGAGCAGTTCTTCGGGCCA	1	0.000290951411114344
CTCAGGCTGGAGTTGGCTGCTCCCTCCCAGACATCTGTGTACTTCTGTGCCAGCGGCTGGGGGACCAATGAGCAGTTCTTCGGGCCA	1	0.000290951411114344
GCCCATCCTGAAGACAGCAGCTTCTACATCTGCAGTGCTAGGTTACAGGGGAATATGAATACTAACTATGGCTACACCTTCGGTTCG	1	0.000290951411114344
GAGTCCGCCAGCACCAACCAGACATCTATGTACCTCTGTGCCAGCAGTTCCTCGCAGCGGGTAGCCTACGAGCAGTACTTCGGGCCG	1	0.000290951411114344
TCGGCTGCTCCCTCCCAGACATCTGTGTACTTCTGTGCCAGCAGTTACTCAGGTGCGGGAGGGCTCTACGAGCAGTACTTCGGGCCG	1	0.000290951411114344
GAGTCCGCCAGCACCAACCAGACATCTATGTACCTCTGTGCCAGCAGTCCCTCCGACATTTTTTCAGGGACCCAGTACTTCGGGCCA	1	0.000290951411114344
TCGCCCAGCCCCAACCAGACCTCTCTGTACTTCTGTGCCAGCAGACCTATAGCGGGAGGACTCTCCTACGAGCAGTACTTCGGGCCG	1	0.000290951411114344
TCAGAACCCAGGGACTCAGCTGTGTACTTCTGTGCCAGCAGTTTGAGGGTGGGGACAGGGTTCGAGAAGACCCAGTACTTCGGGCCA	1	0.000290951411114344
CTGGAGTCCGCTACCAGCTCCCAGACATCTGTGTACTTCTGTGCCATCAGTGAGTCAGGGGCGACTGATGGCTACACCTTCGGTTCG	1	0.000290951411114344
GTGAGCACCTTGGAGCTGGGGGACTCGGCCCTTTATCTTTGCGCCAGCAGCTTGGCTAGCGGATACAATGAGCAGTTCTTCGGGCCA	1	0.000290951411114344
TGTGAGCACCTTGGAGCTGGGGGACTCGGCCCTTTATCTTTGCGCCAGCAGCTTGGTATGGCAGCCAATGAGCAGTTCTTCGGGCCA	1	0.000290951411114344
CCAGTGCCCATCCTGAAGACAGCAGCTTCTACATCTGCAGTGCTAGTTTTCGGAGACCAGGAGACCGGGGAGCTGTTTTTTGGAGAA	1	0.000290951411114344
NTGTCGGCTGCTCCCTCCCAGACATCTGTGTACTTCTGTGCCAGCAGCGACAGACAGGGCTTTAATTCACCCCTCCACTTTGGGAAT	1	0.000290951411114344
CGGTCCACAAAGCTGGAGGACTCAGCCATGTACTTCTGTGCCAGCAGCCCCTGGGACTTGTCCGGGGATACGCAGTATTTTGGCCCA	1	0.000290951411114344
ACCTTGGAGCTGGGGGACTCGGCCCTTTATCTTTGCGCCAGCAGCTTACGGGCAGGGGGCGCGGAGACTGAAGCTTTCTTTGGACAA	1	0.000290951411114344
AGGCTGGAGTTGGCTGCTCCCTCCCAGACATCTGTGTACTTCTGTGCCAGCAGTTCGCGCGGGGACAATGAGCAGTTCTTCGGGCCA	1	0.000290951411114344
TGACCAGTGCCCATCCTGAAGACAGCAGCTTCTACGGGGACTCGGGGACTAGCGGGAGAAGGCACAGATACGCAGTATTTTGGCCCA	1	0.000290951411114344
ACCTTGGAGCTGGGGGACTCGGCCCTTTATCTTTGCGCCAGCAGCTTGAAGGCGGGGGATAGCACAGATACGCAGTATTTTGGCCCA	1	0.000290951411114344
GTGACCAGTGCCCATCCTGAAGACAGCAGCTTCTACATCTGCAGTGCTAGAGAAAAGGACTAGATCTACGAGCAGTACTTCGGGCCG	1	0.000290951411114344
ACGCCTTGGAGCTGGACGACTCGGCCCTGTATCTCTGTGCCAGCAGCTTGGAGCCTAGCGGGGCCTTACGAGCAGTACTTCGGGCCG	1	0.000290951411114344
CGCACAGAGCAGGAGGACTCGGCCGTGTATCTCTGTGCCAGCAGCTTAAATGGACTACCGCTTTACAATGAGCAGTTCTTCGGGCCA	1	0.000290951411114344
CAGCGCACACAGCAGGAGGACTCCGCCGTGTATCTCTGTGCCAGCAGCTTCAACGGGGGATACTCCTACGAGCAGTACTTCGGGCCG	1	0.000290951411114344
GAGTCCGCCAGCACCAACCAGACATCTATGTACCTCTGTGCCAGCAGCACTAGCGGGAGGGTCACCGGGGAGCTGTTTTTTGGAGAA	1	0.000290951411114344
GAACCCAGGGACTCAGCTGTGTACTTCTGTGCCAGCAGTCTTTGGACAGGGGGCGCTTCTGGGGCCAACGTCCTGACTTTCGGGGCC	1	0.000290951411114344
ATCCAGCGCACAGAGCAGGGGGACTCGGCCATGTATCTCTGTGCCAGCAGCTCCCCCTTCGGGGCTTAGGGCTACACCTTCGGTTCG	1	0.000290951411114344
CCCCCTCACTCTGGAGTCTGCTGCCTCCTCCCAGACATCTGTATATTTCTGCGCCAGCCCAACTACTATGGCTACACCTTCGGTTCG	1	0.000290951411114344
GATCCAGCGCACAGAGCAGGGGGACTCGGCCATGTATCTCTGTGCCAGCAGCTTCGGATGCTAAGCTACGAGCAGTACTTCGGGCCG	1	0.000290951411114344
AGCACCTTGGAGCTGGGGGACTCGGCCCTTTATCTTTGCGCCAGCAGCCTAAGCGGGGTAAAATACAATGAGCAGTTCTTCGGGCCA	1	0.000290951411114344
ATCCGGTCCACAAAGCTGGAGGACTCAGCCATGTACTTCTGTGCCAGCAGTGGGACAGGCCCTAATTCACCCCTCCACTTTGGGAAT	1	0.000290951411114344
ATCCAGCGCACACAGCAGGAGGACTCGGCCGTGTATCTCTGTGCCAGCAGCTTACGCATCGTACGCACTGAAGCTTTCTTTGGACAA	1	0.000290951411114344
GTAGTGCGAGGAGATTCGGCAGCTTATTTCTGTGCCAGCTCACCCCTCGGAGGGGGCAAGGGCACCGGGGAGCTGTTTTTTGGAGAA	1	0.000290951411114344
CTGGAGTCTGCCAGGCCCTCACATACCTCTCAGTACCTCTGTGCCAGCAGTGAATTATCAGCTAACTATGGCTACACCTTCGGTTCG	1	0.000290951411114344
TCCACAAAGCTGGAGGACTCAGCCATGTACTTCTGTGCCAGCAGGGACAGCCCCGAATCGCCCACCGGGGAGCTGTTTTTTGGAGAA	1	0.000290951411114344
CACCAACCAGACATCTATGTACCTCTGTGCCAGCAGTTCGCAATGGACAGTCGGTCGGACTTGGACACTGAAGCTTTCTTTGGACAA	1	0.000290951411114344
AGCAACATGAGCCCTGAAGACAGCAGCATATATCTCTGCAGCGTTGAAGTTAGGACTAGCATTAGCGACGAGCAGTACTTCGGGCCG	1	0.000290951411114344
CTGACTGTGAGCAACATGAGCCCTGAAGACAGCAGCATATATCTCTGCAGCGTTCTGGGTATTGCCTACGAGCAGTACTTCGGGCCG	1	0.000290951411114344
GAGCTCCTTGGAGCTGGGGGACTCAGCCCTGTACTTCTGTGCCAGCAGCCCCCCAGGGGGATCTACAATGAGCAGTTCTTCGGGCCA	1	0.000290951411114344
ACTCTGGAGTCTGCTGCCTCCTCCCAGACATCTGTATATTTCTGCGCCAGCAGTGGAGGGTGGACCACTGAAGCTTTCTTTGGACAA	2	0.000581902822228688
ATTCTGGAGTCCGCCAGCACCAACCAGACATCTATGTACCTCTGTGCCAGCCGACAGGCGAACTACAATGAGCAGTTCTTCGGGCCA	1	0.000290951411114344
CACCTTGGAGCTGGGGGACTCGGCCCTTTATCTTGCGCCAGCAGCTTGGACGTCCGCGGGGATCCCTATGGCTACACCTTCGGTTCG	1	0.000290951411114344
AACGCCTTGTTGCTGGGGGACTCGGCCCTGTATCTCTGTGCCAGCAGGCGACAGGGGGCGGTCAATCAGCCCCAGCATTTTGGTGAT	1	0.000290951411114344
CTCTCAAGATCCAGCCTGCAGAGCTTGGGGACTCGGCCGTGTATCTCTGTGCCAGCACCCTCCCAGGGGGTAGCTTTCTTTGGACAA	2	0.000581902822228688
GTGACCAGTGCCCATCCTGAAGACAGCAGCTTCTACATCTGCAGTGCTAGAGATGGGGACAGGGGGTACGAGCAGTACTTCGGGCCG	2	0.000581902822228688
GAGTCCGCCAGCACCAACCAGACATCTATGTACCTCTGTGCCAGCAGTTCAGGACTAGCGGTGTCCTACGAGCAGTACTTCGGGCCG	1	0.000290951411114344
GGGACACAGCACTGTATTTCTGTGCCAGCAGCAAAGATGGCGAACAGGGGCGTGAGGGGCCATAATTCACCCCTCCACTTTGGGAAT	1	0.000290951411114344
ATCCAGCGCACAGAGCAGGGGGACTCGGCCATGTATCTCTGTGCCAGCAGCGTAGCGACAGGGACGAAGAAACTGTTTTTTGGCAGT	2	0.000581902822228688
NNNNTGTCGGCTGCTCCCTCCCAGACATCTGTGTACTTCTGTGCCAGCGACTTGGGGCGCGGTAACAATGAGCAGTTCTTCGGGCCA	1	0.000290951411114344
CCAGCCCCAACCAGACCTCTCTGTACTTCTGTGCCAGCAGTTTATCGGACAGGGATGTATAGCAATCAGCCCCAGCATTTTGGTGAT	1	0.000290951411114344
ACATCGGCCCAAAAGAACCCGACAGCTTTCTATCTCTGTGCCAGTAGCGCCTCCGGGAGACAGAACACTGAAGCTTTCTTTGGACAA	1	0.000290951411114344
CGCCTTGGAGCTGGACGACTCGGCCCTGTATCTCTGTGCCAGCAGCTTGTACCGGACAGGGTAACAGATACGCAGTATTTTGGCCCA	1	0.000290951411114344
CCAGCGCACAGAGCAGGGGGACTCAGCCGCGTATCTCCGTGCCAGCAGCCCCGGACAGCTAGCACAGATACGCAGTATTTTGGCCCA	1	0.000290951411114344
AATGTGAACGCCTTGGAGCTGGACGACTCGGCCCTGTATCTCTGTGCCAGCAGCTTGGGACCGTCCTACGAGCAGTACTTCGGGCCG	1	0.000290951411114344
GCCTTGGAGCTGGACGACTCGGCCCTGTATCTCTGTGCCAGCAGCTTAAGGCGAACAAACTCTGGAAACACCATATATTTTGGAGAG	2	0.000581902822228688
CCAGTGCCCATCCTGAAGACAGCAGCTTCTACATCTGCAGTGCCCCACGGGGGAACCGTACCTGGAAACACCATATATTTTGGAGAG	1	0.000290951411114344
CTGGAGTCGCCCAGCCCCAACCAGACCTCTCTGTACTTCTGTGCCAGCAGTCCGCTGAAACTGGGTGATACGCAGTATTTTGGCCCA	1	0.000290951411114344
TGGAGTCGCCCAGCCCCAACCAGACCTCTCTGTACTTCTGTGCCAGCAGTGGGACAGATCGACCAAGAGACCCAGTACTTCGGGCCA	1	0.000290951411114344
NNNNNTGTCGGCTGCTCCCTCCCAGACATCTGTGTACTTCTGTGCCAGCAGTCTGGGACAGGGCCCGACTAAGCTTTCTTTGGACAA	1	0.000290951411114344
GAGTCAGCTACCAGCTCCCAGACATCTGTGTACTTCTGTGCCACCGCTTGGACAGGGGAACTCTACAATGAGCAGTTCTTCGGGCCA	1	0.000290951411114344
ACTCTGACTGTGAGCAACATGAGCCCTGAAGACAGCAGCATATATCTCTGCAGCGTTGAAGTAGCGGGCGAGCAGTACTTCGGGCCG	1	0.000290951411114344
GCACAGAGCAGGGGGACTCAGCCGCGTATCTCCGTGCCAGCAGCTCCGATAGACTAGCGGACTTACAATGAGCAGTTCTTCGGGCCA	1	0.000290951411114344
CCAGGCCCTCACATACCTCTCAGTACCTCTGTGCCAGCAGTGAGTCGCTAGCGGGAGGATCTCACCGGGGAGCTGTTTTTTGGAGAA	1	0.000290951411114344
ACCTTGGAGCTGGGGGACTCGGCCCTTTATCTTTGCGCCAGCAGCTTGGAGGGCGGAGCGAACACCGGGGAGCTGTTTTTTGGAGAA	1	0.000290951411114344
TCGGCTGCTCCCTCCCAGACATCTGTGTACTTCTGTGCCAGCAGTCCGGGGACTAGCGGTTCCTACAATGAGCAGTTCTTCGGGCCA	1	0.000290951411114344
GCTGCTCCCTCCCAAACATCTGTGTACTTCTGTGCCAGCAGTTACTCAGGCCGAAGGGCTGGGGCCAACGTCCTGACTTTCGGGGCC	1	0.000290951411114344
CACCTTGGAGCTGGGGGACTCGGCCCTTTATCTTTGCGCCAGCAGCTTGCAGGGTGGTGTAGCAATCAGCCCCAGCATTTTGGTGAT	1	0.000290951411114344
GCCTTGTTGCTGGGGGACTCGGCCCTCTATCTCTGTGCCAGCAGCTTCAGGGGGGCCCTCTCTGGAAACACCATATATTTTGGAGAG	1	0.000290951411114344
CCTGCAGAGCTGGAGGATTCTGGAGTTTATTTCTGTGCCAGCAGCGCGGGGACGGCCGGACTCCTTTACGAGCAGTACTTCGGGCCG	1	0.000290951411114344
CCCTCAGAACCCAGGGACTCAGCTGTGTACTTCTGTGCCAGCAGCCCTACCCCCGGACTAGCGGCAGATACGCAGTATTTTGGCCCA	1	0.000290951411114344
GTGAGCACCTTGGAGCTGGGGGACTCGGCCCTTTATCTTTGCGCCAGCAGCTCCACAGGGAGTCAAGATACGCAGTATTTTGGCCCA	1	0.000290951411114344
ACGATTCAGCGCACAGAGCAGGAGGACTCGGCCGTGTATCTCTGTGCCAGCAGCTCGGGAGGGGGCTATGGCTACACCTTCGGTTCG	1	0.000290951411114344
TCGGCTGCTCCCTCCCAGACATCTGTGTACTTCTGTGCCAGCAGTGAGGGACTAGCGGGAGGGCCGTACGAGCAGTACTTCGGGCCG	1	0.000290951411114344
ATCCAGGCTACGAAGCTTGAGGATTCAGCAGTGTATTTTTGTGCCAGCAGCCAATCCGAGGGAACCTACGAGCAGTACTTCGGGCCG	1	0.000290951411114344
NTGTCGGCTGCTCCCTCCCAAACATCTGTGTACTTCTGTGCCAGCAGGGGGACAGGGGGAACAGTAACTGAAGCTTTCTTTGGACAA	2	0.000581902822228688
TCTAAGAAGCTCCTTCTCAGTGACTCTGGCTTCTATCTCTGTGCCTGGAGCTCCCGAGACGGTCATCAGCCCCAGCATTTTGGTGAT	1	0.000290951411114344
AATGTGAGCACCTTGGAGCTGGGGGACTCGGCCCTTTATCTTTGCGCCAGCAGCTTTAGGGACTCTGGAGAGGGGTACTTCGGGCCG	1	0.000290951411114344
TTGGAGCTGGGGGACTCGGCCCTTTATCTTTGCGCCAGCAGCTTAGCCTGGGGCCGAGAAAGTGGTTCACCCCTCCACTTTGGGAAT	1	0.000290951411114344
CACAGAGCAGGGGGACTCAGCCGCGTATCTCCGTGCCAGCAGCTTAACCGGGACCCCCACACTGGAAACACCATATATTTTGGAGAG	1	0.000290951411114344
ACATCGGCCCAAAAGAACCCGACAGCTTTCTATCTCTGTGCCAGTAGTAACGGACAGGGGGAATGGGAGACCCAGTACTTCGGGCCA	1	0.000290951411114344
CCTGCAAAGCTTGAGGACTCGGCCGTGTATCTCTGTGCCAGCAGCTCGATCAGGCGCAACCATAAATATGGCTACACCTTCGGTTCG	2	0.000581902822228688
AGGATCCAGCAGGTAGTGCGAGGAGATTCGGCAGCTTATTTCTGTGCCAGCTCACAGGGTCTGGGAGATGAAGCTTTCTTTGGACAA	2	0.000581902822228688
CTGAGCTCTCTGGAGCTGGGGGACTCAGCTTTGTATTTCTGTGCCAGCAGCGTAGTTTACGGGGGCGCTGAAGCTTTCTTTGGACAA	2	0.000581902822228688
CTGTCCTCAGAACCGGGAGACACGGCACTGTATCTCTGCGCCAGCGGGCCACAGGGCCAGGAGGACAATGAGCAGTTCTTCGGGCCA	1	0.000290951411114344
ACCAGTGCCCATCCTGAAGACAGCAGCTTCTACATCTGCAGTGCTCGGGACATCACGGGAGTAAGAAATGAGCAGTTCTTCGGGCCA	1	0.000290951411114344
GCCAGGCCCTCACATACCTCTCAGTACCTCTGTGCCAGCAGTGAATATGGGCACCTCAGAGGATATTACGAGCAGTACTTCGGGCCG	1	0.000290951411114344
AACGCCTTGTTGCTGGGGGACTCGGCCCTGTATCTCTGTGCCAGCAGCTTGAACAGGGTAGTCGACTACGAGCAGTACTTCGGGCCG	1	0.000290951411114344
GAGTCTGCCATCCCCAACCAGACAGCTCTTTACTTCTGTGCCACCAGTGATTTGAGGAGGGGCACCGGGGAGCTGTTTTTTGGAGAA	2	0.000581902822228688
CACACCCTGCAGCCAGAAGACTCGGCCCTGTATCTCTGTGCCAGCAGCCAACCGACAGGGGAAGGCTATGGCTACACCTTCGGTTCG	1	0.000290951411114344
TCGCCCAGCCCCAACCAGACCTCTCTGTACTTCTGTGCCAGCAGTTTAAGATTTGGGGACTTGTCCTACGAGCAGTACTTCGGGCCG	3	0.000872854233343032
TTGGAGCTGGGGGACTCGGCCCTTTATCTTTGCGCCAGCAGCTTGGGACAGGGCTCCTTCTCTGGAAACACCATATATTTTGGAGAG	1	0.000290951411114344
CCAGCGCACAGAGCAGGGGGACTCGGCCATGTATCTCTGTGCCAGCGGCCCACAGGAGCGGGGGTAAGTGGCTACACCTTCGGTTCG	3	0.000872854233343032
CTGACAGTGACCAGTGCCCATCCTGAAGACAGCAGCTTCTACATCTGCAGTGCTATACCACAGCTCTATGGCTACACCTTCGGTTCG	1	0.000290951411114344
CCTGAAGACAGCAGCATATATCTCTGCAGCGTTGAAGATGGGGGGCTTAGCGGGAGGAGCTCCTACAATGAGCAGTTCTTCGGGCCA	1	0.000290951411114344
AGTGCCCATCCTGAAGACAGCAGCTTCTACATCTGCAGTGCTAGGCACCCGGACAGGGAATGGGCCTACGAGCAGTACTTCGGGCCG	1	0.000290951411114344
AATTCCCTGGAGCTTGGTGACTCTGCTGTGTATTTCTGTGCCAGCAGCCAAGACAGGACAGGGAGATCACCCCTCCACTTTGGGAAT	1	0.000290951411114344
CCTGAAGACAGCAGCTTCTACATCTGCAGTGCTAGAGATCTGGATGGGGGGCGCATCGGGGGAGGCACTGAAGCTTTCTTTGGACAA	19	0.00552807681117253
CTGACAGTGACCAGTGCCCATCCTGAAGACAGCAGCTTCTACATCTGCAGTGCCGAGGGGGCCTACAATGAGCAGTTCTTCGGGCCA	4	0.00116380564445738
GTGACCAGTGCCCATCCTGAAGACAGCAGCTTCTACATCTGCAGTACAGACCCGTACGACTCGTATAACATTCAGTACTTCGGCGCC	1	0.000290951411114344
GATCCAGCCCTCAGAACCCAGGGACTCAGCTGTGTATTTTTGTGCTAGTGGTTTGGTGGCCCGATGGAACCCCTCCACTTTGGGAAT	10	0.00290951411114344
CTGAGCTCTCTGGAGCTGGGGGACTCAGCTTTGTATTTCTGTGCCAGCAGCGTAGCAGCTGCCCTAGTTGGCTACACCTTCGGTTCG	1	0.000290951411114344
ATCTCTGTGCCTGGAGAACCGGGACAGGAACTTCTCTTTAGAGTTGGGTGAGAGGTACATGAGAACACTGAAGCTTTCTTTGGACAA	1	0.000290951411114344
GAGTCAGGGGACACAGCACTGTATTTCTGTGCCAGCAGCAAAACCGTGGTGGGGACAGGGACTAATGAAAAACTGTTTTTTGGCAGT	1	0.000290951411114344
GGGGACACAGCACTGTATTTCTGTGCCAGCAGCAACCCGCCACATTAGGAGACAGGGGTGAGCAATCAGCCCCAGCATTTTGGTGAT	1	0.000290951411114344
CAGAACCCAGGGACTCAGCTGTGTACTTCTGTGCCAGCAGTTTTTCCCTCCGGCTAGCGGGACACAGATACGCAGTATTTTGGCCCA	1	0.000290951411114344
CGCACACAGCAGGAGGACTCCGCCGTGTATCTCTGTGCCAGCAGCTTAGGCCCCCGGACTGCGGGCACTGAAGCTTTCTTTGGACAA	1	0.000290951411114344
CTCCCTCCCAGACATCTGTGTACTTCTGTGCCAGCAGTGAAGGCGAGCGACTTCCCTCCTCCCACAGATACGCAGTATTTTGGCCCA	1	0.000290951411114344
CCCTCAGAACCCAGGGACTCAGCTGTGTATTTTTGTGCTAGTGGTTTCCTCGACAGCTCGAACACCGGGGAGCTGTTTTTTGGAGAA	2	0.000581902822228688
CCAGCCCCAACCAGACCTCTCTGTACTTCTGTGCCAGCAGTCGCCGACTAGCGGGGGCGGTAAACGGAGACCCAGTACTTCGGGCCA	1	0.000290951411114344
CTGATTCTGGAGTCCGCCAGCACCAACCAGACATCTATGTACCTCTGTGCCAGCAGTCCGCCCAGGGATACGCAGTATTTTGGCCCA	1	0.000290951411114344
GGAGATCCAGTCCACGGAGTCAGGGGACACAGCACTGTATTTCTGTGCCATCTTACCGGGACAGGGAATGAGCAGTTCTTCGGGCCA	1	0.000290951411114344
CTGAAGATCCGGTCCACAAAGCTGGAGGACTCAGCCATGTACTTCTGTGCCAGCATCAGGGGCCAAGAGACCCAGTACTTCGGGCCA	1	0.000290951411114344
CTCCCTCCCAGACATCTGTGTACTTCTGTGCCAGCAGTTACTCCCCTTCTGGGGACAGATATCACAGATACGCAGTATTTTGGCCCA	1	0.000290951411114344
NNNNTGTCGGCTGCTCCCTCCCAAACATCTGTGTACTTCTGTGCCAGCAGTTACCGAGGGCCCAATTCCGAGCAGTACTTCGGGCCG	1	0.000290951411114344
AATTCCCTGGAGCTTGGTGACTCTGCTGTGTATTTCTGTGCCAGCAGCCAAGAATGGCAGGGACACAATGAGCAGTTCTTCGGGCCA	1	0.000290951411114344
ATTCAGCGCACAGAGCAGCGGGACTCGGCCATGTATCGCTGTGCCAGCAGCTCGGGACAGGGAAGCAATGAGCAGTTCTTCGGGCCA	1	0.000290951411114344
NNNNNNNTGTCGGCTGCTCCCTCCCAGACATCTGTGTACTTCTGTGCCAGCAGTTACGACTGGCTGGGCGAGCAGTACTTCGGGCCG	1	0.000290951411114344
NTGTCGGCTGCTCCCTCCCAAACATCTGTGTACTTCTGTGCCAGCAGTTACTCGTATGCAACTAATGAAAAACTGTTTTTTGGCAGT	1	0.000290951411114344
ATCCAGCCCTCAGAACCCAGGGACTCAGCTGTGTACTTCTGTGCCAGCAGGATGACAGGGGGCGCGTCTGGCTACACCTTCGGTTCG	1	0.000290951411114344
CACGGAGTCAGGGGACACAGCACTGTATTTCTGTGCCAGCAGGGCTACCGAGCTAAACACGCACGAAACACCATATATTTTGGAGAG	1	0.000290951411114344
CGGCTGCTCCCTCCCAAACATCTGTGTACTTCTGTGCCAGCAGACCGGTACTAGCGGGATACCTACAATGAGCAGTTCTTCGGGCCA	1	0.000290951411114344
ACGATCCAGCGCACAGAGCAGGAGGACTCGGCCGTGTATCTCTGTGCCAGCAGCTTAGGACGATCCACTGAAGCTTTCTTTGGACAA	1	0.000290951411114344
GACATCCGCTCACCAGGCCTGGGGGACGCAGCCATGTACCTGTGTGCCACCAGCAGAGGGGTGAACACTGAAGCTTTCTTTGGACAA	2	0.000581902822228688
ATCCAGCCCTCAGAACCCAGGGACTCAGCTGTGTACTTCTGTGCCAGCAGTCGCTACTCTAACTACAATGAGCAGTTCTTCGGGCCA	1	0.000290951411114344
ACAGTGACCAGTGCCCATCCTGAAGACAGCAGCTTCTACATCTGCAGTGCAAGAGACATTCACTCCTACGAGCAGTACTTCGGGCCG	1	0.000290951411114344
ACTCTGGAGTCCGCTACCAGCTCCCAGACATCTGTGTACTTCTGTGCCATCAGTCAAGGGGGGGGCACTGAAGCTTTCTTTGGACAA	1	0.000290951411114344
GTGCGAGGAGATTCGGCAGCTTATTTCTGTGCCAGCTCACCTCTGGGACTAGCGGGAGGAAACCAAGAGACCCAGTACTTCGGGCCA	1	0.000290951411114344
NNNNNNTGTCGGCTGCTCCCTCCCAGACATCTGTGTACTTCTGTGCCAGCAGCCCACATTAGAAGTCAGCCCCAGCATTTTGGTGAT	2	0.000581902822228688
ACTGTGACATCGGCCCAAAAGAACCCGACAGCTTTCTATCTCTGTGCCAGTAGTATAGTTAGTGGACACGAGCAGTACTTCGGGCCG	1	0.000290951411114344
ACATCGGCCCAAAAGAACCCGACAGCTTTCTATCTCTGTGCCAGTAGGAAAAACGGACAGGGGCCCTACGAGCAGTACTTCGGGCCG	1	0.000290951411114344
TCTAAGAAGCTCCTTCTCAGTGACTCTGGCTTCTATCTCTGTGCCTGGGGAGGACAGGGACTTCACTATGGCTACACCTTCGGTTCG	1	0.000290951411114344
NNNNNNNNNNTGTCGGCTGCTCCCTCCCAGACATCTGTGTACTTCTGTGCCAGTGGGCAAACTAACTATGGCTACACCTTCGGTTCG	1	0.000290951411114344
GTGACATCGGCCCAAAAGAACCCGACAGCTTTCTATCTCTGTGCCAGTGGGCAGGACGGCTTCAATCAGCCCCAGCATTTTGGTGAT	2	0.000581902822228688
ACGATCCAGCGCACAGAGCAGGAGGACTCGGCCGTGTATCTCTGTGCCAGCAGCTTTACAGGGACCGGGGAGCTGTTTTTTGGAGAA	1	0.000290951411114344
ATCCTGAGTTCTAAGAAGCTCCTTCTCAGTGACTCTGGCTTCTATCTCTGTGCCTGGAGCGCGACTGTCGAGCAGTACTTCGGGCCG	1	0.000290951411114344
GTGAGCACCTTGGAGCTGGGGGACTCGGCCCTTTATCTTTGCGCCAGCAGCTTGTTGCCAGGCGACGGCGAGCAGTACTTCGGGCCG	1	0.000290951411114344
CTGAGCTCTCTGGAGCTGGGGGACTCAGCTTTGTATTTCTGTGCCAGCAGCGTATCGGGACAGAACTATGGCTACACCTTCGGTTCG	1	0.000290951411114344
CACAGAGCAGGAGGACTCGGCCGTGTATCTCTGTGCCAGCAGCACACCGGGACTAGCGGGACCACCGGGGAGCTGTTTTTTGGAGAA	1	0.000290951411114344
AACGCCTTGTTGCTGGGGGACTCGGCCCTGTATCTCTGTGCCAGCAGCTGGGGTTGGGGTTTCCAAGAGACCCAGTACTTCGGGCCA	1	0.000290951411114344
CTGAAGATCCAGCGCACACAGCAGGAGGACTCCGCCGTGTATCTCTGTGCCAGCAGCCGCAGCCCAGATACGCAGTATTTTGGCCCA	1	0.000290951411114344
CAGCGCACAGAGCAGGGGGACTCGGCCATGTATCTCTGTGCCAGCAGCCCAAGGGACACCTCCTACAATGAGCAGTTCTTCGGGCCA	1	0.000290951411114344
GGGGGACTCAGCCGCGTATCTCCGTGCCAGCAGCTTATTGGTCTAGCGGGGACAAGGCGGGACACCGGGGAGCTGTTTTTTGGAGAA	1	0.000290951411114344
GACATCGGCCCAAAAGAACCCGACAGCTTTCTATCTCTGTGCCAGTAGCACAACAGGGGGAACACCGGGGAGCTGTTTTTTGGAGAA	1	0.000290951411114344
CAGCCCTCAGAACCCAGGGACTCAGCTGTGTATTTTTGTGCTAGTGGCCCTAACAGGTGGCCAATTTATGAGCAGTTCTTCGGGCCA	1	0.000290951411114344
CCTGCAGCCAGAAGACTCAGCCCTGTATCTCTGCGCCAGCAGCCAAGGCCGGGACCCAGGGAGGGAAACACCATATATTTTGGAGAG	1	0.000290951411114344
CAGCCTGCAGAACTGGAGGATTCTGGAGTTTATTTCTGTGCCAGCAGCCAAGGACTAGCGGGAAGCTACGAGCAGTACTTCGGGCCG	1	0.000290951411114344
AATGTGAGCACCTTGGAGCTGGGGGACTCGGCCCTTTATCTTTGCGCCAGCAGAGAAGGGGTAGGGGATACGCAGTATTTTGGCCCA	1	0.000290951411114344
GACATCGGCCCAAAAGAACCCGACAGCTTTCTATCTCTGTGCCAGTATGGGACGGGGGACCACACAGATACGCAGTATTTTGGCCCA	1	0.000290951411114344
CAGCCCTCAGAACCCAGGGACTCAGCTGTGTATTTTTGTGCTAGTGGTTTGTTCAAGCGGCAAACGAATGAGCAGTTCTTCGGGCCA	1	0.000290951411114344
ATTCTGGAGTCCGCCAGCACCAACCAGACATCTATGTACCTCTGTGCCAGCAGTTCTGGGACGGACTATGGCTACACCTTCGGTTCG	1	0.000290951411114344
ACCTTGGAGCTGGGGGACTCGGCCCTTTATCTTTGCGCCAGCAGCTTGATATCCGGGAGGCACTACTATGGCTACACCTTCGGTTCG	1	0.000290951411114344
GAACCGGGAGACACGGCACTGTATCTCTGCGCCAGCAGTCAATCTTGGGGGTTAACCTCGAACACCGGGGAGCTGTTTTTTGGAGAA	1	0.000290951411114344
AGCACCTTGGAGCTGGGGGACTCGGCCCTTTATCTTTGCGCCAGCAGCGCCACAACCGTCGGACAGGGCCCGGGATACTTCGGCGCC	1	0.000290951411114344
ATTCCCTGGAGCTTGGTGACTCTGCTGTGTATTTCTGTGCCAGCAGCAAGGTTACCCATTTCACGCACTGAAGCCTTCTTTGGACAA	1	0.000290951411114344
CTGGAGTCGCCCAGCCCCAACCAGACCTCTCTGTACTTCTGTGCCAGCAGTTTAGTCGGGCAGAGGGGTACGCAGTATTTTGGCCCA	1	0.000290951411114344
NNNNNNNTGTCGGCTGCTCCCTCCCAAACATCTGTGTACTTCTGTGCCGGCAGGGGGCTAGCGGGAGAGGAGCAGTACTTCGGGCCG	2	0.000581902822228688
AACCTGAGCTCTCTGGAGCTGGGGGACTCAGCTTTGTATTTCTGTGCCAGCAGCGTAGAGGACGAAAACATTCAGTACTTCGGCGCC	1	0.000290951411114344
TCGGCTGCTCCCTCCCAGACATCTGTGTACTTCTGTGCCAGCATCGGTAGATCGGGACTAGCGGGCTACGAGCAGTACTTCGGGCCG	1	0.000290951411114344
NCTCTCACTGTGACATCGGCCCAAAAGAACCCGACAGCTTTCTATCTCTGTGCCAGTAGTATAGGAGAAAAACTGTTTTTTGGCAGT	1	0.000290951411114344
ACCTTGGAGCTGGGGGACTCGGCCCTTTATCTTTGCGCCAGCAGCGCTCCCGGGACAGGGGCTGGAAACACCATATATTTTGGAGAG	1	0.000290951411114344
AGTCGCCCAGCCCCAACCAGACCTCTCTGTACTTCTGTGCCAGCATCGGACAGGAGGATAGGTTACTACGAGCAGTACTTCGGGCCG	1	0.000290951411114344
CTGGAGTCGCCCAGCCCCAACCAGACCTCTCTGTACTTCTGTGCCAGCAGTTGGGGCCCCGGCTCCTACGAGCAGTACTTCGGGCCG	1	0.000290951411114344
CTGGAGTCCGCTACCAGCTCCCAGACATCTGTGTACTTCTGTGCCGTTTCGGATGCGGGACAGATTTCACCCCTCCACTTTGGGAAT	1	0.000290951411114344
ACCAGTGCCCATCCTGAAGACAGCAGCTTCTACATCTGCAGTGCTGGGCGACCGGGACAGGGGGCCGGCGAGCAGTACTTCGGGCCG	1	0.000290951411114344
ACCAGTGCCCATCCTGAAGACAGCAGCTTCTACATCTGCAGTGCTAGAGATCATAACCTCCGCAATCAGCCCCAGCATTTTGGTGAT	1	0.000290951411114344
NNNNTGTCGGCTGCTCCCTCCCAAACATCTGTGTACTTCTGTGCCAGCAGAAGCGGGAGCTCCCCGGGCGAGCAGTACTTCGGGCCG	1	0.000290951411114344
TCTCTGGAGCTGGGGGACTCAGCTTTGTATTTCTGTGCCAGCAGCCCCCGGGACCAGGGAACCTACAATGAGCAGTTCTTCGGGCCA	1	0.000290951411114344
AAGATCCGGTCCACAAAGCTGGAGGACTCAGCCATGTACTTCTGTGCCAGCAGTTCATACCCCTGGCGGGAGCAGTTCTTCGGGCCA	2	0.000581902822228688
GAGTCCGCCAGCACCAACCAGACATCTATGTACCTCTGTGCCAGCAGTTTCCCCGGGACATACGACTACGAGCAGTACTTCGGGCCG	1	0.000290951411114344
ATCTGCTCACCAGGCCTGGGGGACGCAGCCATGTACCTGTGTGCCACCAGCAGAGAGGGCAGGGACCATGGCTACACCTTCGGTTCG	1	0.000290951411114344
AGTCAGGGGACACAGCACTGTATTTCTGTGCCAGCAGCAAGCTAGAACCGGGGCTCCCCGGGGACAGATACGCAGTATTTTGGCCCA	1	0.000290951411114344
GAACTAAACCTGAGCTCTCTGGAGCTGGGGGACTCAGCTTTGTATTTCTGTGCCAGCAGCGTAGTCGAGACCCAGTACTTCGGGCCA	1	0.000290951411114344
CTGGAGTCCGCCAGCACCAACCAGACATCTATGTACCTCTGTGCCGCCCCCCCCGGGACAGAAGCTTACGAGCAGTACTTCGGGCCG	1	0.000290951411114344
ATCCAGCAGGTAGTGCGAGGAGATTCGGCAGCTTATTTCTGTGCCAGCTCACCACCAGGGTATACTGAAAAACTGTTTTTTGGCAGT	1	0.000290951411114344
ATCCAACCTGCAAAGCTTGAGGACTCGGCCGTGTATCTCTGTGCCAGCAGCCTAGAGGGGTCCTACAATGAGCAGTTCTTCGGGCCA	1	0.000290951411114344
GCCATCCCCAACCAGACAGCTCTTTACTTCTGTGCCACCAGTGACCGGACAGGGGGCTTGAGCACCGGGGAGCTGTTTTTTGGAGAA	1	0.000290951411114344
GATCCAGCCCTCAGAACCCAGGGACTCAGCTGTGTACTTCTGTGCCACCCCTACCTGAACCCCCCCAGTGAGCAGTTCTTCGGGCCA	1	0.000290951411114344
ACTGTGACATCGGCCCAAAAGAACCCGACAGCTTTCTATCTCTGTGCCAGTAGCCAATTTGCCTCCGGCGAGCAGTACTTCGGGCCG	1	0.000290951411114344
CCCAAAAGAACCCGACAGCTTTCTATCTCTGTGCCAGTAGCCTAATATCGTCTGGGACAGGACCAAGAGACCCAGTACTTCGGGCCA	1	0.000290951411114344
ACGGAGTCAGGGGACACAGCACTGTATTTCTGTGCCAGCAGCAAAGGGGACTAGCGGGAGAATTACAATGAGCAGTTCTTCGGGCCA	1	0.000290951411114344
CAGCGCACAGAGCAGGAGGACTCGGCCGTGTATCTCTGTGCCAGCAGCTTCGGGACAGGAGTCTACACTGAAGCTTTCTTTGGACAA	4	0.00116380564445738
GAGCTGGGGGACTCGGCCCTTTATCTTTGCGCCAGCAGATGGGGACTAGCGGGGGTGCCTAGCACAGATACGCAGTATTTTGGCCCA	1	0.000290951411114344
CTGAAGATCCGGTCCACAAAGCTGGAGGACTCAGCCATGTACTTCTGTGCCAGCAGTGAAGATATCGGGGAGCTGTTTTTTGGAGAA	1	0.000290951411114344
GTGAGCAACATGAGCCCTGAAGACAGCAGCATATATCTCTGCAGCGCTAGTAGCGGGAGGATTTACAATGAGCAGTTCTTCGGGCCA	1	0.000290951411114344
NCTCTCACTGTGACATCGGCCCAAAAGAACCCGACAGCTTTCTATCTCTGTGCCAGTAGTGATTGGGATGAGCAGTTCTTCGGGCCA	1	0.000290951411114344
ATCCAGCCCTCAGAACCCAGGGACTCAGCTGTGTACTTCTGTGCCAGCAGTTTAGACACCCTATACAATGAGCAGTTCTTCGGGCCA	1	0.000290951411114344
AATGTGAACGCCTTGGAGCTGGACGACTCGGCCCTGTATCTCTGTGCCAGCAGGCAAAGCGGGACGGAGACCCAGTACTTCGGGCCA	1	0.000290951411114344
CTGACCCTGGAGTCTGCCAGGCCCTCACATACCTCTCAGTACCTCTGTGCCAGCAGTGGGACAGGGAATAGACTGTTTTTTGGCAGT	1	0.000290951411114344
CCAGCACCAACCAGACATCTATGTACCTCTGTGCCAGCAGTCGGTTCGGGGGCTTACTCTGGGGCCAACGTCCTGACTTTCGGGGCC	1	0.000290951411114344
ACGATTCAGCGCACAGAGCAGGAGGACTCGGCCGTGTATCTCTGTGCCAGCAGCTTTGGCGACAATCAGCCCCAGCATTTTGGTGAT	1	0.000290951411114344
CCCTCAGAACCCAGGGACTCAGCTGTGTACTTCTGTGCCAGCAGTAATACTTTTCTGGTGGCAAACAATGAGCAGTTCTTCGGGCCA	1	0.000290951411114344
NNNNNNNNNNTGTCGGCTGCTCCCTCCCAGACATCTGTGTACTTCTGTGCCAGCACGGCAGGGGGTCTTGGCTACACCTTCGGTTCG	1	0.000290951411114344
CGCTCACCAGGCCTGGGGGACGCAGCCATGTACCTGTGTGCCACCAGCAGAGAATTGACAGGGGGAGCTGGCTACACCTTCGGTTCG	1	0.000290951411114344
TGTCGGCTGCTCCCTCCCAGACATCTGTGTACTTCTGTGCCAGCAGTTTCAGGGGAAAGCTATAATTCACCCCTCCACTTTGGGAAT	1	0.000290951411114344
TCCTGGAGTCGCCCAGCCCCAACCAGACCTCTCTGTACTTCTGTGCCAGCAGTTTTAAACAGGGGACATGAGCAGTTCTTCGGGCCA	1	0.000290951411114344
AGCTCTCTGGAGCTGGGGGACTCAGCTTTGTATTTCTGTGCCAGCAGCGTAGAGACAGGGCGGAATGAAAAACTGTTTTTTGGCAGT	1	0.000290951411114344
AGCTCTCTGGAGCTGGGGGACTCAGCTTTGTATTTCTGTGCCAGCAGCCTTGAGACAGGGTCGGGAAACACCATATATTTTGGAGAG	410	0.119290078556881
CACGGAGTCAGGGGACACAGCACTGTATTTCTGTGCCAGCAGCAAAGCCCCGGGCAGGTACCCTCCTACGAGCAGTACTTCGGGCCG	1	0.000290951411114344
CACAAAGCTGGAGGACTCAGCCATGTACTTCTGTGCCAGCAGTCGGACTAGCGGGAGGGGAGCTCCTACGAGCAGTACTTCGGGCCG	1	0.000290951411114344
CTGGAGCTTGGTGACTCTGCTGTGTATTTCTGTGCCAGCAGCCCCGCTAGGGGGAGGGCGGGCACAGATACGCAGTATTTTGGCCCA	1	0.000290951411114344
CTGACGATCCAGCGCACAGAGCAGCGGGACTCGGCCATGTATCGCTGTGCCAGCAGCCCGCCTGGAAACACCATATATTTTGGAGAG	1	0.000290951411114344
TCTCTGGAGCTGGGGGACTCAGCTTTGTATTTCTGTGCCAGCAGCCCAACTAGAGTAGGAGGGTCCGGGGAGCTGTTTTTTGGAGAA	1	0.000290951411114344
CCCTCAGAACCCAGGGACTCAGCTGTGTACTTCTGTGCCAGCAGTCCGCCCTCTAGCGGGATCGCGAATACGCAGTATTTTGGCCCA	1	0.000290951411114344
ATCCGGTCCACAAAGCTGGAGGACTCAGCCATGTACTTCTGTGCCAGCAGGGACAGGGTTCTGACAGATACGCAGTATTTTGGCCCA	1	0.000290951411114344
CGCTACCAGCTCCCAGACATCTGTGTACTTCTGTGCCATCAGTGGACCCGGGGTGGTTATAGCAATCAGCCCCAGCATTTTGGTGAT	2	0.000581902822228688
GTGAGCAACATGAGCCCTGAAGACAGCAGCATATATCTCTGCAGCGTTGGGACCCCAGGGTAACGGAACACCATATATTTTGGAGAG	1	0.000290951411114344
GAGATCCAGCGCACAGAGCAGGGGGACTCGGCCATGTATCTCTGTGCCAGCAGGGAGCTAGTCGGCGAGACCCAGTACTTCGGGCCA	1	0.000290951411114344
NNNNNNNTGTCGGCTGCTCCCTCCCAGACATCTGTGTACTTCTGTGCCAGCAGTTACGACCTTAGGGATGAGCAGTTCTTCGGGCCA	1	0.000290951411114344
AACGCCTTGGAGCTGGACGACTCGGCCCTGTATCTCTGTGCCAGCAGCAGGTGGCCCGCGAACACCGGGGAGCTGTTTTTTGGAGAA	2	0.000581902822228688
AGGCTGGAGTCGGCTGCTCCCTCCCAGACATCTGTGTACTTCTGTGCCAGCAGTGAGACAGGGCCCTCACCCCTCCACTTTGGGAAT	2	0.000581902822228688
NNNNTGTCGGCTGCTCCCTCCCAGACATCTGTGTACTTCTGTGCCAGCAGTGGGGGGACTCCCAATCAGCCCCAGCATTTTGGTGAT	1	0.000290951411114344
ATCCAGCGCACAGAGCAGGGGGACTCGGCCATGTATCTCTGTGCCAGCACCTCCAGCGGGAACCCCTACGAGCAGTACTTCGGGCCG	1	0.000290951411114344
CTGAGCTCTCTGGAGCTGGGGGACTCAGCTTTGTATTTCTGTGCCAGCAGCCGTATTGTCGGGGGATATGGCTACACCTTCGGTTCG	1	0.000290951411114344
GCGCACAGAGCAGGGGGACTCGGCCATGTATCTCTGTGCCAGCAGCCCCGGACAGGGAGGGTTAACTATGGCTACACCTTCGGTTCG	1	0.000290951411114344
CAGCGCACAGAGCAGCGGGACTCAGCCATGTATCGCTGTGCCAGCAGCTTCCAACCAGAGCTACACTACGAGCAGTACTTCGGGCCA	1	0.000290951411114344
AAGATCCGGTCCACAAAGCTGGAGGACTCAGCCATGTACTTCTGTGCCAGCAGGAAGGGGGCCGCCACTGAAGCTTTCTTTGGACAA	2	0.000581902822228688
GTGAACGCCTTGGAGCTGGACGACTCGGCCCTGTATCTCTGTGCCAGCAGCTGGGACGGGGGATGGACTGAAGCTTTCTTTGGACAA	1	0.000290951411114344
ACTGTGAGCAACATGAGCCCTGAAGACAGCAGCATATATCTCTGCAGCGTTGAAGGACCACAGGGGGATACGCAGTATTTTGGCCCA	1	0.000290951411114344
CTAAACCTGAGCTCTCTGGAGCTGGGGGACTCAGCTTTGTATTTCTGTGCCAGCAGCGTAGCCACGACTGGCTACACCTTCGGTTCG	1	0.000290951411114344
GTGACCAGTGCCCATCCTGAAGACAGCAGCTTCTACATCTGCAGTGCCCATCGTATCCCGAGTAATCAGCCCCAGCATTTTGGTGAT	1	0.000290951411114344
CAGCGCACAGAGCAGGGGGACTCGGCCATGTATCTCTGTGCCAGCCAGGGGCAGGGGGCGACTAACTATGGCTACACCTTCGGTTCG	1	0.000290951411114344
GCTCCCTCCCAGACATCTGTGTACTTCTGTGCCAGCATTCCTCCGGGTGGGGGTAGTAGACCCAAAAACATTCAGTACTTCGGCGCC	1	0.000290951411114344
TGAAGATCCGGTCCACAAAGCTGGAGGACTCAGCCATGTACTTCTGTGCCAGCAGTGGCCTCGGTCTATGGCTACACCTTCGGTTCG	1	0.000290951411114344
GAGATCCAGCGCACAGAGCAGGGGGACTCGGCCATGTATCTCTGTGCCAGCAGCTTTCAAGAGAACACTGAAGCTTTCTTTGGACAA	1	0.000290951411114344
CTGAATGTGAACGCCTTGGAGCTGGACGACTCGGCCCTGTATCTCTGTGCCAGCAGCTTGGATGGGGCCCAGGAGTATTTTGGCCCA	1	0.000290951411114344
TTGGAGCTGGGGGACTCGGCCCTTTATCTTTGCGCCAGCAGCTTGGCCGAGACAGGGGACTTTAACTATGGCTACACCTTCGGTTCG	3	0.000872854233343032
ATCCGGTCCACAAAGCTGGAGGACTCAGCCATGTACTTCTGTGCCAGCAGCCTCCAGGGGGGGGACTATGGCTACACCTTCGGTTCG	1	0.000290951411114344
ATCCGCTCACCAGGCCTGGGGGACGCAGCCATGTACCTGTGTGCCACCAGCTTCGTTCGGGACCTTCGGGAGCAGTACTTCGGGCCG	1	0.000290951411114344
AACGCCTTGGAGCTGGACGACTCGGCCCTGTATCTCTGTGCCAGCAGCTGGCCGGGACAATCGAACACTGAAGCTTTCTTTGGACAA	1	0.000290951411114344
ATTCTGGAGTCCGCCAGCACCAACCAGACATCTATGTACCTCTGTGCCAGCAGTTTAGGGAAAAATCAGCCCCAGCATTTTGGTGAT	2	0.000581902822228688
ACCCTGGAGTCTGCCAGGCCCTCACATACCTCTCAGTACCTCTGTGCCAGCAGGGGGGGGAGTAACTATGGCTACACCTTCGGTTCG	1	0.000290951411114344
GCAGAGCTTGGGGACTCGGCCGTGTATCTCTGTGCCAGCAGCTTAGGACTAGCCGCCAGCTCCTACAATGAGCAGTTCTTCGGGCCA	1	0.000290951411114344
GATCCAGTCCACGGAGTCAGGGGACACAGCACTGTATTTCTGTGCCAGCAGCCGCTACGTCAGGGTCACGAGCAGTACTTCGGGCCG	1	0.000290951411114344
GTGACCAGTGCCCATCCTGAAGACAGCAGCTTCTACATCTGCAGTGCTAGTTAAACGTCTGGGGCCAACGTCCTGACTTTCGGGGCC	1	0.000290951411114344
ACAGTGACCAGTGCCCATCCTGAAGACAGCAGCTTCTACATCTGCAGTGCTAGAGAGACAGGGAGCTATGGCTACACCTTCGGTTCG	1	0.000290951411114344
AGTTCTAAGAAGCTCCTTCTCAGTGACTCTGGCTTCTATCTCTGTGCCTGGAGTGTCAGAGAGGGAGATACGCAGTATTTTGGCCCA	1	0.000290951411114344
AGCACCTTGGAGCTGGGGGACTCGGCCCTTTATCTTTGCGCCAGCAGCTTGGCTTCAATTTTCACAGATACGCAGTATTTTGGCCCA	1	0.000290951411114344
NTGAAGATCCAGCCCTCAGAACCCAGGGACTCAGCTGTGTATTTTTGTGCTAGTGGCCTCGGGGTGGGAAAAGCTTTCTTTGGACAA	2	0.000581902822228688
NNNNTGTCGGCTGCTCCCTCCCAGACATCTGTGTACTTCTGTGCCAGCAGTTACTCCGAGGGGTACTATGGCTACACCTTCGGTTCG	1	0.000290951411114344
GCCTTGTTGCTGGGGGACTCGGCCCTCTATCTCTGTGCCAGCAGCTCAGGGACGGGTTTGAGACAAGAGACCCAGTACTTCGGGCCA	1	0.000290951411114344
AATTCCCTGGAGCTTGGTGACTCTGCTGTGTATTTCTGTGCCAGCAGCCAAGGGCAGGGTGGGTCAAACACCATATATTTTGGAGAG	1	0.000290951411114344
CCCCTGATCCTGGAGTCGCCCAGCCCCAACCAGACCTCTCTGTACTTCTGTGCCAGCAGCCTGGGGGAGAACCAGTACTTCGGGCCA	1	0.000290951411114344
AATGTGAGCACCTTGGAGCTGGGGGACTCGGCCCTTTATCTTTGCGCCAGCAGCTCGGGAACTTACAATGAGCAGTTCTTCGGGCCA	1	0.000290951411114344
CGGTCCACAAAGCTGGAGGACTCAGCCATGTACTTCTGTGCCAGCAATGGGCAGGGGGCGACTAGCGGGGAGCTGTTTTTTGGAGAA	1	0.000290951411114344
CGGTCCACAAAGCTGGAGGACTCAGCCATGTACTTCTGTGCCAGCAGTGAAAACGGCGGCCTGGGTGAAAAACTGTTTTTTGGCAGT	2	0.000581902822228688
GCGTCTGCTGTACCCTCTCAGACATCTGTGTACTTCTGTGCCAGCAGTCCCGAGGGGATGGAGAACACTGAAGCTTTCTTTGGACAA	1	0.000290951411114344
CTGACAGTGACCAGTGCCCATCCTGAAGACAGCAGCTTCTACATCTGCAGTGCTAGCAGGGAGGGCTATGGCTACACCTTCGGTTCG	1	0.000290951411114344
CAGCAGGTAGTGCGAGGAGATTCGGCAGCTTATTTCTGTGCCAGCTCACCACCGGGCAGGGGGCCTCAGCCCCAGCATTTTGGTGAT	1	0.000290951411114344
AGCACCTTGGAGCTGGGGGACTCGGCCCTTTATCTTTGCGCCAGCAGCCGTGGGACTTCCTCCTACAATGAGCAGTTCTTCGGGCCA	1	0.000290951411114344
TCCTCAGAACCGGGAGACACGGCACTGTATCTCTGCGCCAGCAGTCACCCCACAGTCTAGGGTTTAACTGAAGCTTTCTTTGGACAA	1	0.000290951411114344
AATGTGAACGCCTTGGAGCTGGACGACTCGGCCCTGTATCTCTGTGCCAGCAGCTACCGGGGGGATTCACCCCTCCACTTTGGGAAT	1	0.000290951411114344
ACATCGGCCCAAAAGAACCCGACAGCTTTCTATCTCTGTGCCAGTAGTATAGGAGGCAGCCCGCCCTACGAGCAGTACTTCGGGCCG	1	0.000290951411114344
AGTCTGCCAGGCCCTCACATACCTCTCAGTACCTCTGTGCCAGCAGTGGCGGCGGGGGCGCCGGCAGATACGCAGTATTTTGGCCCA	1	0.000290951411114344
GTGACATCGGCCCAAAAGAACCCGACAGCTTTCTATCTCTGTGCCAGTAGTACGACGGACAGGTTCGGAGAGCAGTACTTCGGGCCG	1	0.000290951411114344
CCCAGGGACTCAGCTGTGTACTTCTGTGCCAGCAGTTTCCAGTTTTTGGTCGGACTAGCGACACAAGAGACCCAGTACTTCGGGCCA	1	0.000290951411114344
NNNNTGTCGGCTGCTCCCTCCCAAACATCTGTGTACTTCTGTGCCAGCAGTTGGGACAGGGCAGGCTATGGCTACACCTTCGGTTCG	1	0.000290951411114344
ATCCAGCGCACAGAGCAGGGGGACTCGGCCATGTATCTCTGTGCCAGCAGCCCCGGACAGACCAATCAGCCCCAGCATTTTGGTGAT	1	0.000290951411114344
CTGCAGCCAGAAGACTCAGCCCTGTATCTCTGCGCCAGCAGCCCCGAAAGGACGGCGAAAAACAATCAGCCCCAGCATTTTGGTGAT	2	0.000581902822228688
CAGCAGGTAGTGCGAGGAGATTCGGCAGCTTATTTCTGTGCCAGCTCCAATCCTGCAGACTATAATGAAAAACTGTTTTTTGGCAGT	1	0.000290951411114344
AGTGCCCATCCTGAAGACAGCAGCTTCTACATCTGCAGTGCTAGAGATGCACGGGAGAGAAGCACAGATACGCAGTATTTTGGCCCA	1	0.000290951411114344
TTGCTGGGGGACTCGGCCCTGTATCTCTGTGCCAGCAGTCAGGGACTAGCGGGATTTACGGACACCGGGGAGCTGTTTTTTGGAGAA	1	0.000290951411114344
TCTCTGGAGCTGGGGGACTCAGCTTTGTATTTCTGTGCCAGCAGCGTAGAAAGGGGTAGGGGGCTTCAGCCCCAGCATTTTGGTGAT	1	0.000290951411114344
CAGCCCTCAGAACCCAGGGACTCAGCTGTGTATTTTTGTGCTAGTGGTTCCGGGACAGGGGGTCCTTACGAGCAGTACTTCGGGCCG	1	0.000290951411114344
ATGAGCTCCTTGGAGCTGGGGGACTCAGCCCTGTACTTCTGTGCCAGCAGGTTCCGACTAGCGGACAATGAGCAGTTCTTCGGGCCA	1	0.000290951411114344
GCTCCCTCCCAGACATCTGTGTACTTCTGTGCCAGCAGTGCCGGGGACAGGGCTATCGCGAACACCGGGGAGCTGTTTTTTGGAGAA	1	0.000290951411114344
CTTCACCTACACACCCTGCAGCCAGAAGACTCGGCCCTGTATCTCTGCGCCAGCAGCCAAGTCTCCTACGAGCAGTACTTCGGGCCG	1	0.000290951411114344
AGCACCTTGGAGCTGGGGGACTCGGCCCTTTATCTTTGCGCCAGCAGCTTGAGTAGGGGGTTGACGGAGACCCAGTACTTCGGGCCA	1	0.000290951411114344
GTGACCAGTGCCCATCCTGAAGACAGCAGCTTCTACATCTGCAGTGCTAGTACGGTATGGGATGGAAACACCATATATTTTGGAGAG	1	0.000290951411114344
CACGCCCTGCAGCCAGAAGACTCAGCCCTGTATCTCTGCGCCAGCAGCCAAGGTGCAGGGGAATCGTACGAGCAGTACTTCGGGCCG	2	0.000581902822228688
AGCACCTTGGAGCTGGGGGACTCGGCCCTTTATCTTTGCGCCAGCAGCTTGGGCCTAGGGGATTCCTACGAGCAGTACTTCGGGCCG	2	0.000581902822228688
GAACCCAGGGACTCAGCTGTGTACTTCTGTGCCAGCAGTTCTTCCGGACTAGCGGGAGTCGGTTTGGATGAGCAGTTCTTCGGGCCA	1	0.000290951411114344
ATCCAGCGCACAGAGCAGGAGGACTCGGCCGTGTATCTCTGTGCCAGCAGCTTAGCCTTAATGGGCACTGAAGCTTTCTTTGGACAA	2	0.000581902822228688
ATTCAGCGCACAGAGCAGCGGGACTCGGCCATGTATCGCTGTGCCAGCAGCTTTTTAGGGGTAGACGAGGAGCTGTTTTTTGGAGAA	1	0.000290951411114344
GTGACCAGTGCCCATCCTGAAGACAGCAGCTTCTACATCTGCAGTGCCACTTTAGCGGGAGGTTACAATGAGCAGTTCTTCGGGCCA	1	0.000290951411114344
CAGCAGGAGGACTCCGCCGTGTATCTCTGTGCCAGCAGCCCCGCCCTGTTGAGCGGGATAATTGCAGATACGCAGTATTTTGGCCCA	1	0.000290951411114344
CAGCCCTCAGAACCCAGGGACTCAGCTGTGTACTTCTGTGCCAGCAGTCCCAGCGAGGGTTACCACAATGAGCAGTTCTTCGGGCCA	1	0.000290951411114344
AAGATCCAGCCTGCAGAGCTTGGGGACTCGGCCGTGTATCTCTGTGCCAGCAGCTTAGAGGGTTACAATGAGCAGTTCTTCGGGCCA	1	0.000290951411114344
GTGAACGCCTTGGAGCTGGACGACTCGGCCCTGTATCTCTGTGCCAGCAGCTGGGACAGGGGGAACTACGAGCAGTACTTCGGGCCG	1	0.000290951411114344
CTGGAGTCGCCCAGCCCCAACCAGACCTCTCTGTACTTCTGTGCCAGCAGTTTAGGGACAGAAGGCCAGCCCCAGCATTTTGGTGAT	1	0.000290951411114344
GAGTCGCCCAGCCCCAACCAGACCTCTCTGTACTTCTGTGCCAGCAGGGCCGGATTTATTAGCAATCAGCCCCAGCATTTTGGTGAT	1	0.000290951411114344
GCCAGCACCAACCAGACATCTATGTACCTCTGTGCCAGCAGTTGGTTACAGGGGGAAGGTTTGGGAAACACCATATATTTTGGAGAG	1	0.000290951411114344
GACATCCGCTCACCAGGCCTGGGGGACGCAGCCATGTACCTGTGTGCCACCAGCAGGGCTGGGGGTTTCGAAGCTTTCTTTGGACAA	1	0.000290951411114344
ACTCTGACTGTGAGCAACATGAGCCCTGAAGACAGCAGCATATATCTCTGCAGCGTTGGCTGGGGTGGCGAGCAGTACTTCGGGCCG	1	0.000290951411114344
ATCCTGGAGTCGCCCAGCCCCAACCAGACCTCTCTGTACTTCTGTGCCAGCAGTTATATTAACACCGGGGAGCTGTTTTTTGGAGAA	1	0.000290951411114344
CATGAGCCCTGAAGACAGCAGCATATATCTCTGCAGCGTTGGTACGGCCCGACACGAGCAACTAATGAAAAACTGTTTTTTGGCAGT	1	0.000290951411114344
CTGACGATTCAGCGCACAGAGCAGGAGGACTCGGCCGTGTATCTCTGTGCCAGCAGCCCTCCTGACAATGAGCAGTTCTTCGGGCCA	1	0.000290951411114344
TTGTTGCTGGGGGACTCGGCCCTGTATCTCTGTGCCAGCAGCTTACGGCCGGGGGGCCCTAGCACAGATACGCAGTATTTTGGCCCA	1	0.000290951411114344
AGCACCTTGGAGCTGGGGGACTCGGCCCTTTATCTTTGCGCCAGCAGCCCCCTCGGTACCGGGAACACTGAAGCTTTCTTTGGACAA	1	0.000290951411114344
AGGTGCAGCCTGCAGAACTGGAGGATTCTGGAGTTTATTTCTGTGCCAGCAGCCAACAGGGGATGGGATACGCAGTATTTTGGCCCA	1	0.000290951411114344
GCCCAAAAGAACCCGACAGCTTTCTATCTCTGTGCCAGTCGAGATCCCGGACTAGCGGGAGTAGGGAATGAGCAGTTCTTCGGGCCA	1	0.000290951411114344
ACTGTGACATCGGCCCAAAAGAACCCGACAGCTTTCTATCTCTGTGCCAGTAGTAGACAGGGGCCCTACGAGCAGTACTTCGGGCCG	1	0.000290951411114344
GAGCAGGGGGACTCGGCCATGTATCTCTGTGCCAGCAGCTTAGAGTTCCGACTAGCGGGAGGCCGGAATGAGCAGTTCTTCGGGCCA	2	0.000581902822228688
AAGATCCAGCGCACACAGCAGGAGGACTCCGCCGTGTATCTCTGTGCCAGCAGCCCCAAGAACACCGGGGAGCTGTTTTTTGGAGAA	2	0.000581902822228688
GTGACATCGGCCCAAAAGAACCCGACAGCTTTCTATCTCTGTGCCAGTAGTAGGAGTAGCGGGACAATCGAGCAGTTCTTCGGGCCA	1	0.000290951411114344
CAGCACCAACCAGACATCTATGTACCTCTGTGCCAGCAGTGGCCTCCGGGGGGGGGAAAGGGGCACCGCGAGCAGTACTTCGGGCCG	1	0.000290951411114344
ATCCAGCAGGTAGTGCGAGGAGATTCGGCAGCTTATTTCTGTGCCAGCTCACCAGGGCCTAGCGGGATTATTCAGTACTTCGGCGCC	1	0.000290951411114344
ACATCGGCCCAAAAGAACCCGACAGCTTTCTATCTCTGTGCCAGTAGTATCCTAGCGGGATCGTACAATGAGCAGTTCTTCGGGCCA	1	0.000290951411114344
TGGAGTCGCCCAGCCCCAACCAGACCTCTCTGTACTTCTGTGCCAGCTATGGGCGGGAGGCACTCCTACGAGCAGTACTTCGGGCCG	1	0.000290951411114344
GAGATCCAGCGCACAGAGCAGGGGGACTCGGCCATGTATCTCTGTGCCAGCAGCTTACCGGGGGCGCTTGGCTACACCTTCGGTTCG	1	0.000290951411114344
GTTGCTGGGGGACTCGGCCCTGTATCTCTGTGCCAGCAGCTTGCGGAAAAAAAGGGGCCTCCGAACACTGAAGCTTTCTTTGGACAA	1	0.000290951411114344
CTGATTCTGGAGTCCGCCAGCACCAACCAGACATCTATGTACCTCTGTGCCAGCAGTCCCCCGGGGCTAGAGCAGTTCTTCGGGCCA	1	0.000290951411114344
GTGAACGCCTTGGAGCTGGAGGACTCGGCCCTGTATCTCTGTGCCAGCAGCGTTCAGGATCCTTCCTACGAGCAGTACTTCGGGCCG	1	0.000290951411114344
CAAAGCTTGAGGACTCGGCCGTGTATCTCTGTGCCAGCAGCCCACCACTATTTTAACCGCTCCTACAATGAGCAGTTCTTCGGGCCA	2	0.000581902822228688
NNNNNNNTGTCGGCTGCTCCCTCCCAGACATCTGTGTACTTCTGTGCCAGCAGGTGGGGGCACGACAATGAGCAGTTCTTCGGGCCA	1	0.000290951411114344
ACGATCCAGCGCACAGAGCAGGAGGACTCGGCCGTGTATCTCTGTGCCAGCAGCCGCCCCGGGGCCGGGGAGCTGTTTTTTGGAGAA	1	0.000290951411114344
AATGTGAACGCCTTGGAGCTGGACGACTCGGCCCTGTATCTCTGTGCCAGCAGCTTGATTGGAATCAATGAGCAGTTCTTCGGGCCA	1	0.000290951411114344
CTGCTGTACCCTCTCAGACATCTGTGTACTTCTGTGCCAACTCACCTCGGGAACACAGTATAGAACTATGGCTACACCTTCGGTTCG	1	0.000290951411114344
CAGCAGGTAGTGCGAGGAGATTCGGCAGCTTATTTCTGTGCCAGCTCACCACCTAACAGGGGAGGCACTGAAGCTTTCTTTGGACAA	1	0.000290951411114344
AACGCCTTGTTGCTGGGGGACTCGGCCCTGTATCTCTGTGCCAGCAGCTTTGGTGGGGGACGTAATGAAAAACTGTTTTTTGGCAGT	1	0.000290951411114344
CACCTTGGAGCTGGGGGACTCGGCCCTTTATCTTTGCGCCAGCAGCTTGGACGTCCGCGGGATCCCTATGGCTACACCTTCGGTTCG	2	0.000581902822228688
CTTCACATCAATTCCCTGGAGCTTGGTGACTCTGCTGTGTATTTCTGTGCCAGCAGCCTATCTCTCGGGGGCTACACCTTCGGTTCG	1	0.000290951411114344
ACTGTGACATCGGCCCAAAAGAACCCGACAGCTTTCTATCTCTGTGCCAGTAGTAGGGGGACAGTAAAGGATGCTTTCTTTGGACAA	2	0.000581902822228688
CTGGAGTCCGCCAGCACCAACCAGACATCTATGTACCTCTGTGCCAGCAGGTCAGGGGGCGGGACAGATACGCAGTATTTTGGCCCA	1	0.000290951411114344
ACCAGTGCCCATCCTGAAGACAGCAGCTTCTACATCTGCAGTGCTAGAGACATGGCGGGAGTCCACAATGAGCAGTTCTTCGGGCCA	1	0.000290951411114344
CCCTGGAGCTTGGTGACTCTGCTGTGTATTTCTGTGCCAGCAGCCAGGGTCCGGACAGGTCTCAATCAGCCCCAGCATTTTGGTGAT	1	0.000290951411114344
AGTTCTAAGAAGCTCCTTCTCAGTGACTCTGGCTTCTATCTCTGTGCCTGGAGTAGTAGGTATATGGAGACCCAGTACTTCGGGCCA	1	0.000290951411114344
GTGACCAGTGCCCATCCTGAAGACAGCAGCTTCTACATCTGCAGTGCTACTTCAGGGGGCCTTAATGAAAAACTGTTTTTTGGCAGT	1	0.000290951411114344
GCCTTGGAGCTGGACGACTCGGCCCTGTATCTCTGTGCCAGCAGCTTGGTTAATCCCCCAAACACCGGGGAGCTGTTTTTTGGAGAA	1	0.000290951411114344
ACCCTCTCAGACATCTGTGTACTTCTGTGCCAGCAGTGACCCGCCCCAAGAGGGATGACTGAGAACACTGAAGCTTTCTTTGGACAA	1	0.000290951411114344
ACCTGCAAAGCTTGAGGACTCGGCCGTGTATCTCTGTGCCAGCACGAGATCCGGGAGTGTAAACACCGGGGAGCTGTTTTTGGAGAA	1	0.000290951411114344
AGGATCCAGCAGGTAGTGCGAGGAGATTCGGCAGCTTATTTCTGTGCCAGCTCACCTACTGGGGCCAACGTCCTGACTTTCGGGGCC	1	0.000290951411114344
GTGAGCACCTTGGAGCTGGGGGACTCGGCCCTTTATCTTTGCGCCAGCAGCTTGGCGCGGGAAAGTAATGAGCAGTTCTTCGGGCCA	1	0.000290951411114344
NTGTCGGCTGCTCCCTCCCAAACATCTGTGTACTTCTGTGCCAGCACTGGGGGACTAGCGGGGCCCAATGAGCAGTTCTTCGGGCCA	1	0.000290951411114344
ACAGAGCAGGGGGACTCGGCCATGTATCTCTGTGCCAGCAGCTCGCGGACTAGCGGGAGTGGCACAGATACGCAGTATTTTGGCCCA	1	0.000290951411114344
NNNNNNTGTCGGCTGCTCCCTCCCAAACATCTGTGTACTTCTGTGCCAGCAGTTACGTGGTTTACCGACGAGCAGTACTTCGGGCCG	1	0.000290951411114344
CAGCGCACAGAGCAGGGGGACTCGGCCATGTATCTCTGTGCCAGCAGCCAACAACAGGGAGCCGGAAACACCATATATTTTGGAGAG	1	0.000290951411114344
ATGAATGTGAGCACCTTGGAGCTGGGGGACTCGGCCCTTTATCTTTGCGCCAGCATGGGGGGACTCTATGGCTACACCTTCGGTTCG	1	0.000290951411114344
GTGACATCGGCCCAAAAGAACCCGACAGCTTTCTATCTCTGTGCCAGTAGGTCGGAGCGGTTTGCCTACGAGCAGTACTTCGGGCCG	2	0.000581902822228688
ACCTTGGAGATCCAGCGCACAGAGCAGGGGGACTCGGCCATGTATCTCTGTGCCAGCAGCTGGACTAGCGAGCAGTACTTCGGGCCG	1	0.000290951411114344
ACCCTGCAGCCAGAAGACTCGGCCCTGTATCTCTGTGCCAGCAGCTTGACGACAGAGAGCTCCTACAATGAGCAGTTCTTCGGGCCA	1	0.000290951411114344
CGGTCCACAAAGCTGGAGGATTCAGCCATGTACTTCTGTGCCAGCAGTGAGTGAGGGAGGGGGGGCAGGGGCTACACCTTCGGTTCG	1	0.000290951411114344
AGCGCACAGAGCGGGGGGACTCAGCCGTGTATCTCTGTGCCAGCAGCTTCCGGCTAGCGGGAGTCCCATGAGCAGTTCTTCGGGCCA	1	0.000290951411114344
GAGTCGGCTGCTCCCTCCCAGACATCTGTGTACTTCTGTGCCAGCAGTGCCTTGATGGGGGTGGCCACTGAAGCTTTCTTTGGACAA	1	0.000290951411114344
CGCACAGAGCAGGAGGACTCGGCCGTGTATCTCTGTGCCAGCAGCTTAGAAGGGACTAGCGGGAGGAATGAGCAGTTCTTCGGGCCA	1	0.000290951411114344
GCCATCCCCAACCAGACAGCTCTTTACTTCTGTGCCACCAGTGAGGCCTAGGGGCTAGCGCACTACAATGAGCAGTTCTTCGGGCCA	1	0.000290951411114344
ACCAGTGCCCATCCTGAAGACAGCAGCTTCTACATCTGCAGTGCTAGTGGGGACTCGCTTAACACAGATACGCAGTATTTTGGCCCA	1	0.000290951411114344
ACTGTGAGCAACATGAGCCCTGAAGACAGCAGCATATATCTCTGCAGCGTTGGGAGGCAGGGGAACACTGAAGCTTTCTTTGGACAA	2	0.000581902822228688
GGATTCTGGAGTTTATTTCTGTGCCAGCAGCCATCGTTTGTCTCGGCGGGAGGGCCTTGGGGCGGAGAGACCCAGTACTTCGGGCCA	1	0.000290951411114344
TCCACAAAGCTGGAGGACTCAGCCATGTACTTCTGTGCCAGCAGTGAGCACTCCGTAGGGAACACCGGGGAGCTGTTTTTTGGAGAA	1	0.000290951411114344
GCTCCCTCTCAGACTTCTGTTTACTTCTGTGCCAGCAGTTGTAACAGGCGTTTTACAAAGTCGGGCCAACGTCCTGACTTCGGGGCC	1	0.000290951411114344
CTGTCCCTAGAGTCTGCCATCCCCAACCAGACAGCTCTTTACTTCTGTGCCACCTCCCAGGGCACAGATACGCAGTATTTTGGCCCA	1	0.000290951411114344
ATCCGCTCACCAGGCCTGGGGGACGCAGCCATGTACCTGTGTGCCACCAGCTATACGAGAGGGGGATCACCCCTCCACTTTGGGAAT	1	0.000290951411114344
GTGAGCACCTTGGAGCTGGGGGACTCGGCCCTTTATCTTTGCGCCAGCAGCTTGGGGGGATTCCCAGATACGCAGTATTTTGGCCCA	1	0.000290951411114344
NNNNNTGTCGGCTGCTCCCTCCCAGACATCTGTGTACTTCTGTGCCAGCAGTCGGCAAAGCCGAACACTGAAGCTTTCTTTGGACAA	1	0.000290951411114344
AACCTGAGCTCTCTGGAGCTGGGGGACTCAGCTTTGTATTTCTGTGCCAGCAGCGTAGGGGGGCCCGGGGAGCTGTTTTTTGGAGAA	1	0.000290951411114344
CCTGCAAAGCTTGAGGACTCGGCCGTGTATCTCTGTGCCAGCAGCTTAGGGCGGGAGGACATCTACAATGAGCAGTTCTTCGGGCCA	1	0.000290951411114344
GTGAGCACCTTGGAGCTGGGGGACTCGGCCCTTTATCTTTGCGCCAGCAGCTTGATCAGAAACACCGGGGAGCTGTTTTTTGGAGAA	1	0.000290951411114344
AGCACCTTGGAGCTGGGGGACTCGGCCCTTTATCTTTGCGCCAGCAGCTTAGCGGGAGGTGGGTCCTACGAGCAGTACTTCGGGCCG	1	0.000290951411114344
TCACCAGGCCTGGGGGACGCAGCCATGTACCTGTGTGCCACCAGCGGGCGGTCACGGGACGGGCTTAGGTGGGCTTTCTTTGGACAA	1	0.000290951411114344
ATCCAGCAGGTAGTGCGAGGAGATTCGGCAGCTTATTTCTGTGCCAGCTCACCCCCGGGACCGCAGCGAGAGCAGTTCTTCGGGCCA	1	0.000290951411114344
ACTGTGAGCAACATGAGCCCTGAAGACAGCAGCATATATCTCTGCAGTGAGGTACAGCAGGGGCGGGAGACCCAGTACTTCGGGCCA	1	0.000290951411114344
TCAGCTACCCGCTCCCAGACATCTGTGTATTTCTGCGCCAGCAGGGAGACAGGGGCGGCTCTTAATGAAAAACTGTTTTTTGGCAGT	1	0.000290951411114344
ATTCAGCGCACAGAGCAGCGGGACTCAGCCATGTATCGCTGTGCCAGCAGCGACCCAGGGTGACAAGAGACCCAGTACTTCGGGCCA	1	0.000290951411114344
ATCAATTCCCTGGAGCTTGGTGACTCTGCTGTGTATTTCTGTGCCAGCAGCCAACGACCCCAGGGCTACGAGCAGTACTTCGGGCCG	1	0.000290951411114344
ATCCGGTCCACAAAGCTGGAGGACTCAGCCATGTACTTCTGTGCCAGCAGTGAAAACAGGGATAGTGAAAAACTGTTTTTTGGCAGT	2	0.000581902822228688
TCTGGAGTCCGCTACCAGCTCCCAGACATCTGTGTACTTCTGTGCCATCAGCTTGGACTCAGCACAGATACGCAGTATTTTGGCCCA	1	0.000290951411114344
CTGAGCTCTCTGGAGCTGGGGGACTCAGCTTTGTATTTCTGTGCCAGCAGCGTGGGAATCTCTGGAAACACCATATATTTTGGAGAG	1	0.000290951411114344
TCAGAACCCAGGGACTCAGCTGTGTACTTCTGTGCCAGCAGTTCCGCCCTGAGTGGACCAGGGGCCAACGTCCTGACTTTCGGGGCC	1	0.000290951411114344
CTCCTTCTCAGTGACTCTGGCTTCTATCTCTGTGCCTGGAGCAGAACAGGGGCCCTCGGCTTTAGGCATGGCTACACCTTCGGTTCG	1	0.000290951411114344
ACATCGGCCCAAAAGAACCCGACAGCTTTCTATCTCTGTGCCAGTAGTATATCAGGAAGGGGGACCGGGGAGCTGTTTTTTGGAGAA	1	0.000290951411114344
NNNNNNNTGTCGGCTGCTCCCTCCCAGACATCTGTGTACTTCTGTGCCAGCAGTCAACAGGGGGCATTAGGCTACACCTTCGGTTCG	1	0.000290951411114344
NCTCTGAAGATCCGGTCCACAAAGCTGGAGGACTCAGCCATGTACTTCTGTGCCAGCGGGGAGATGGAAAAACTGTTTTTTGGCAGT	2	0.000581902822228688
ACCTTGGAGCTGGGGGACTCGGCCCTTTATCTTTGCGCCAGCAGCTTGGAGGGCCTTCGAATGAACACTGAAGCTTTCTTTGGACAA	1	0.000290951411114344
TCCACAAAGCTGGAGGACTCAGCCATGTACTTCTGTGCCAGCAGCTCCGGGACTAGCGGGAGGAGGGAGACCCAGTACTTCGGGCCA	1	0.000290951411114344
AGCAGGGGGACTCGGCCGTGTATGTCTGTGCAAGTCGCTTAGCTGGGACAGGGAACATCTGGGGCCAACGTCCTGACTTTCGGGGCC	1	0.000290951411114344
ATCAATTCCCTGGAGCTTGGTGACTCTGCTGTGTATTTCTGTGCCAGCAGCCCGCAGGGGCAGCATCAGCCCCAGCATTTTGGTGAT	1	0.000290951411114344
NNNNNNNNNNTGTCGGCTGCTCCCTCCCAAACATCTGTGTACTTCTGTGCCAGCAGTCCTCTAGCGGGGGAGCAGTTCTTCGGGCCA	1	0.000290951411114344
GTGACCAGTGCCCATCCTGAAGACAGCAGCTTCTACATCTGCAGTGCCCCCCAAAGAGGACAGATCTATGGCTACACCTTCGGTTCG	1	0.000290951411114344
AGTTCTAAGAAGCTCCTTCTCAGTGACTCTGGCTTCTATCTCTGTGCCTGGAGTTCGGAGTGGGTCACTGAAGCTTTCTTTGGACAA	1	0.000290951411114344
CCCCTCACTCTGGAGTCAGCTACCAGCTCCCAGACATCTGTGTACTTCTGTGCCATCAGTGAAGGGGAGACCCAGTACTTCGGGCCA	1	0.000290951411114344
CTGAAGACAGCAGCTTCTACATCTGCAGTGCTAGAGATCTTATGTAGCGGGAGGGCCAGAGAGAACAATGAGCAGTTCTTCGGGCCA	1	0.000290951411114344
CTGAGCTCTCTGGAGCTGGGGGACTCAGCTTTGTATTTCTGTGCCAGCAGCGTAGCTTCCACCTGGAATGAGCAGTTCTTCGGGCCA	1	0.000290951411114344
CTCAAGATCCAGCCTGCAGAGCTTGGGGACTCGGCCATGTATCTCTGTGCCAGCAGCTTCGGAGGGCGTGAGCAGTTCTTCGGGCCA	1	0.000290951411114344
ATCAATTCCCTGGAGCTTGGTGACTCTGCTGTGTATTTCTGTGCCAGCAGCCCCTGGACAGGGGAATACACCATATATTTTGGAGAG	1	0.000290951411114344
TGGAGGACTCAGCCATGTACTTCTGTGCCAGCAGTGTTAAGCAGGACCCGACAGGTCCGGTGCAATCAGCCCCAGCATTTTGGTGAT	1	0.000290951411114344
CCCTCAGAACCCAGGGACTCAGCTGTGTATTTTTGTGCTAGTGGTATCAATAGCGGGAGCTCCTACAATGAGCAGTTCTTCGGGCCA	1	0.000290951411114344
AAGATCCAGCCCTCAGAACCCAGGGACTCAGCTGTGTACTTCTGTGCCAGCACCTTTACAGTGAACACTGAAGCTTTCTTTGGACAA	2	0.000581902822228688
GTGAGCACCTTGGAGCTGGGGGACTCGGCCCTTTATCTTTGCGCCAGCAGCTACCGACAGCCTCAAGAGACCCAGTACTTCGGGCCA	1	0.000290951411114344
NNNNTGTCGGCTGCTCCCTCCCAAACATCTGTGTACTTCTGTGCCAGCAGTTACGTCTCGGGAGTGGGTGAGCAGTTCTTCGGGCCA	1	0.000290951411114344
GTGAGCACCTTGGAGCTGGGGGACTCGGCCCTTTATCTTTGCGCCAGCAGCCTGGGACTTCCGAACACTGAAGCTTTCTTTGGACAA	2	0.000581902822228688
CTGCAGCCAGAAGACTCAGCCCTGTATCTCTGCGCCAGCAGCCTCAGGGAGGGGACTAGCGGGAACAATGAGCAGTTCTTCGGGCCA	1	0.000290951411114344
TCACCAGGCCTGGGGGACGCAGCCATGTACCTGTGTGCCACCAGGGGAGGACCGGGACAGATCACAGATACGCAGTATTTTGGCCCA	1	0.000290951411114344
ATCCGGTCCACAAAGCTGGAGGACTCAGCCATGTACTTCTGTGCCAGCCTCGGACAAGCAACTAATGAAAAACTGTTTTTTGGCAGT	1	0.000290951411114344
ATCCAGCCTGCAGAGCTTGGGGACTCGGCCGTGTATCTCTGTGCCAGCAGCTTACGCCCTAACACCGGGGAGCTGTTTTTTGGAGAA	1	0.000290951411114344
CAGCAGGTAGTGCGAGGAGATTCGGCAGCTTATTTCTGTGCCAGCTCACCGCTAGCGGGAGCCACAGATACGCAGTATTTTGGCCCA	1	0.000290951411114344
CACATCAATTCCCTGGAGCTTGGTGACTCTGCTGTGTATTTCTGTGCCAGCAGCCAAGCAGTCACAGATACGCAGTATTTTGGCCCA	1	0.000290951411114344
AACGCCTTGGAGCTGGACGACTCGGCCCTGTATCTCTGTGCCAGCAGCCAAATTTGGGGATCCACAGATACGCAGTATTTTGGCCCA	1	0.000290951411114344
NNNNTGTCGGCTGCTCCCTCCCAGACATCTGTGTACTTCTGTGCCAGTGCCGACTTAGGACAGGGCCATGGCTACACCTTCGGTTCG	1	0.000290951411114344
TCCAGCCCTCAGAACCCAGGGACTCAGCTGTGTACTTCTGTGCCAGCAGTTCGATGGCAGGCGAACACTGAAGCTTTCTTTGGACAA	2	0.000581902822228688
GTGAGCACCTTGGAGCTGGGGGACTCGGCCCTTTATCTTTGCGCCAGCAGACGCGACAGTGTCGTCTATGGCTACACCTTCGGTTCG	2	0.000581902822228688
CAGCAGGTAGTGCGAGGAGATTCGGCAGCTTATTTCTGTGCCAGCTCAACCGGGGAAAGGTTTAATTCACCCCTCCACTTTGGGAAT	1	0.000290951411114344
CAGCGCACAGAGCAGGGGGACTCAGCCGCGCATCTCCGTGCCAGCAGCCCTACAGGGGGCCTTTAATCACCCCTCCACTTTGGGAAT	1	0.000290951411114344
CTGGAGTTGGCTGCTCCCTCCCAGACATCTGTGTACTTCTGTGCCAGCAGTTACTCAGTCGATCCCTACGAGCAGTACTTCGGGCCG	1	0.000290951411114344
NNNNNNNNNNNNNTGTCGGCTGCTCCCTCCCAGACATCTGTGTACTTCTGTGCCGTAGAGGGGATCTACGAGCAGTACTTCGGGCCG	1	0.000290951411114344
CCTGCAGAACTGGAGGATTCTGGAGTTTATTTCTGTGCCAGCAGCCAAGATGCCCCGGGAAACACAGATACGCAGTATTTTGGCCCA	1	0.000290951411114344
CCTAGAGTCTGCCATCCCCAACCAGACAGCTCTTTACTTCTGTGCCACCAGTGATTTGCGGGCTCAGGGGGACAGTTCTTCGGGCCA	1	0.000290951411114344
GTGACCAGTGCCCATCCTGAAGACAGCAGCTTCTACATCTGCAGTGCTCCCCGGACAGGGGGCGGTGAGACCCAGTACTTCGGGCCA	1	0.000290951411114344
TCTCTGGAGCTGGGGGACTCAGCTTTGTATTTCTGTGCCAGCAGCGTAGGAGGGAGTTTGTACGGAAACACCATATATTTTGGAGAG	1	0.000290951411114344
CAGCCTGCAGAGCTTGGGGACTCGGCCATGTATCTCTGTGCCAGCAGCTCCCGCGGGACGTTCAACTATGGCTACACCTTCGGTTCG	1	0.000290951411114344
GAGTAGACTCCACTCTCAAGATCCAACCTGCAAAGCTTGAGGACTCGGCCGTGTATCTCTGTGCCAGCAGCCAAGTACTTCGGGCCG	1	0.000290951411114344
ACGATCCAGCGCACAGAGCAGGAGGACTCGGCCGTGTATCTCTGTGCCAGCAGCCGCCGAATCTACAATGAGCAGTTCTTCGGGCCA	1	0.000290951411114344
GCTTGGGGACTCGGCCGTGTATCTCTGTGCCAGCAGCTTAGATCGGTCCGAGCGGGAGGGCCGGCAGATACGCAGTATTTTGGCCCA	1	0.000290951411114344
ATCCTGAGGATCCAGCAGGTAGTGCGAGGAGATTCGGCAGCTTATTTCTGTGCCAGCTCCGCCGGCACTGAAGCTTTCTTTGGACAA	1	0.000290951411114344
GTGAGCACCTTGGAGCTGGGGGACTCGGCCCTTTATCTTTGCGCCAGCAGCTTGGGGCAGGCGAACACTGAAGCTTTCTTTGGACAA	1	0.000290951411114344
ATCCAGCCCTCAGAACCCAGGGACTCAGCTGTGTATTTTTGTGCTAGTGGTTTGCGGGCCACCGTGGGGGAGCAGTTCTTCGGGCCA	1	0.000290951411114344
CAGCCCTCAGAACCCAGGGACTCAGCTGTGTATTTTTGTGCTAGTGGTTCTCCCGGGACAGGGTCCTACGAGCAGTACTTCGGGCCG	1	0.000290951411114344
ATGAATGTGAGCACCTTGGAGCTGGGGGACTCGGCCCTTTATCTTTGCGCCAGCAGCTTGAACAGGGAGACCCAGTACTTCGGGCCA	1	0.000290951411114344
AATTCCCTGGAGCTTGGTGACTCTGCTGTGTATTTCTGTGCCAGCAGCCAAGAATCTAGCGGGATCTACGAGCAGTACTTCGGGCCG	2	0.000581902822228688
GCCTTGGAGCTGGACGACTCGGCCCTGTATCTCTGTGCCAGCAGCTTGCCCCTAGGGGGGGGATACTATGGCTACACCTTCGGTTCG	1	0.000290951411114344
TTGCTGGGGGACTCGGCCCTCTATCTCTGTGCCAGCAGTTCTCCGGGACTTTGGAATCAGGTGAACACTGAAGCTTTCTTTGGACAA	1	0.000290951411114344
CAGCGCACACAGCAGGAGGACTCCGCCGTGTATCTCTGTGCCAGCAGCTGGGACGGACAGGGGGGGGAGACCCAGTACTTCGGGCCA	1	0.000290951411114344
ACAGTGACCAGTGCCCATCCTGAAGACAGCAGCTTCTACATCTGCAGTGCTCCCGGGACAAATAATGAAAAACTGTTTTTTGGCAGT	1	0.000290951411114344
CAGCGCACACAGCAGGAGGACTCCGCCGTGTATCTCTGTGCCAGCAGCTCCCTCCAGGGACTCAATTCACCCCTCCACTTTGGGAAT	1	0.000290951411114344
TCGCCCAGCCCCAACCAGACCTCTCTGTACTTCTGTGCCAGCAGTCCACTACCGGGACAGGGAGACGAGACCCAGTACTTCGGGCCA	1	0.000290951411114344
ACATCGGCCCAAAAGAACCCGACAGCTTTCTATCTCTGTGCCAGTAGTGCTGACAGGGGAGGAGGAGATACGCAGTATTTTGGCCCA	1	0.000290951411114344
TCTAAGAAGCTCCTTCTCAGTGACTCTGGCTTCTATCTCTGTGCCTGGAGTGAGATGGTAGGGAATTCACCCCTCCACTTTGGGAAT	1	0.000290951411114344
CCCTAGAGTCTGCCATCCCCAACCAGACAGCTCTTTACTTCTGTGCCACGGGGGAGGATGGTGAACACTGAAGCTTTCTTTGGACAA	2	0.000581902822228688
CTGACAGTGACCAGTGCCCATCCTGAAGACAGCAGCTTCTACATCTGCAGTGCCTACCAGAGCACAGATACGCAGTATTTTGGCCCA	1	0.000290951411114344
GTGACATCGGCCCAAAAGAACCCGACAGCTTTCTATCTCTGTGCCAGTAGTATTAACAGGGGTCACTACGAGCAGTACTTCGGGCCG	1	0.000290951411114344
GCCCAAAAGAACCCGACAGCTTTCTATCTCTGTGCCAGTAGTATACTAGGGACAGCGTATAGCAATCAGCCCCAGCATTTTGGTGAT	1	0.000290951411114344
NTGTCGGCTGCTCCCTCCCAGACATCTGTGTACTTCTGTGCCAGCAGCAAAGCGGGAGGGGGTACCGGGGAGCTGTTTTTTGGAGAA	1	0.000290951411114344
NNNNTGTCGGCTGCTCCCTCCCAGACATCTGTGTACTTCTGTGCCAGCAGTTTGGTAGCTAGCACAGATACGCAGTATTTTGGCCCA	1	0.000290951411114344
CTCACTGTGACATCGGCCCAAAAGAACCCGACAGCTTTCTATCTCTGTGCCAGTAGCTTGGACCTAAACACCATATATTTTGGAGAG	1	0.000290951411114344
AGTGCCCATCCTGAAGACAGCAGCTTCTACATCTGCAGTGCTAGGGGGGAGACTAGCGGGTCCCAAGAGACCCAGTACTTCGGGCCA	1	0.000290951411114344
AGCTCTCTGGAGCTGGGGGACTCAGCTTTGTATTTCTGTGCCAGCAGCCTCGGGGCCGGAATCACAGATACGCAGTATTTTGGCCCA	1	0.000290951411114344
ATCAATTCCCTGGAGCTTGGTGACTCTGCTGTGTATTTCTGTGCCAGCAGCCTTGGACAGGGGGATTCACCCCTCCACTTTGGGAAT	2	0.000581902822228688
AACCAGACCTCTCTGTACTTCTGTGCCAGCAGTCTAAGACAGGGGCAGCTCTTTAGCGGGTCCTACAATGAGCAGTTCTTCGGGCCA	1	0.000290951411114344
ATTCTGGAGTCCGCCAGCACCAACCAGACATCTATGTACCTCTGTGCCAGCAGTCCCAGGGTGGGAGAGACCCAGTACTTCGGGCCA	1	0.000290951411114344
AACGCCTTGTTGCTGGGGGACTCGGCCCTCTATCTCTGTGCCAGCAGCTTTACCGGGGACAAGCGCTACGAGCAGTACTTCGGGCCG	1	0.000290951411114344
ACTCTGACTGTGAGCAACATGAGCCCTGAAGACAGCAGCATATATCTCTGCAGCGTTATTGCCACCTACGAGCAGTACTTCGGGCCG	1	0.000290951411114344
NNNNNNTGTCGGCTGCTCCCTCCCAGACATCTGTGTACTTCTGTGCCAGAGGACAGGGCGCAGTCCGGGGAGCTGTTTTTTGGAGAA	1	0.000290951411114344
ACTCTGACAGTGACCAGTGCCCATCCTGAAGACAGCAGCTTCTACATCTGCAGTGCTTCCGAGAATTCACCCCTCCACTTTGGGAAT	1	0.000290951411114344
ACCAGTGCCCATCCTGAAGACAGCAGCTTCTACATCTGCAGTGCAACGGGACAGGGGGCCGCCCGTCGTGGCTACACCTTCGGTTCG	1	0.000290951411114344
ACCAGTGCCCATCCTGAAGACAGCAGCTTCTACATCTGCAGTGCTTGGGACTTTTCCGGGGGCACAGATACGCAGTATTTTGGCCCA	1	0.000290951411114344
GAGATGAATGTGAGCACCTTGGAGCTGGGGGACTCGGCCCTTTATCTTTGCGCCAGCAGTGGGGGACTAGAGCAGTTCTTCGGGCCA	1	0.000290951411114344
CACCCTGCAGCCAGAAGACTCGGCCCTGTATCTCTGTGCCAGCAGCTAAGCTAGCGGGATAGCACAGATACGCAGTATTTTGGCCCA	1	0.000290951411114344
CGCACAGAGCAGGGGGACTCGGCCATGTATCTCTGTGCCAGCAGCTTAGTCTCGGTCGGGAGTGGCTACGAGCAGTACTTCGGGCCG	2	0.000581902822228688
CGCACAGAGCAGGAGGACTCGGCCGTGTATCTCTGTGCCAGCATATCCGGGACTAGCGGGAGTGGGGAGACCCAGTACTTCGGGCCA	1	0.000290951411114344
ACAGTGACCAGTGCCCATCCTGAAGACAGCAGCTTCTACATCTGCAGTGCTTGTTCGACTAGTCCGGTTGAGCAGTTCTTCGGGCCA	1	0.000290951411114344
NNNNNNNTGTCGGCTGCTCCCTCCCAAACATCTGTGTACTTCTGTGCCAGCAGTTATGGCAACAATCAGCCCCAGCATTTTGGTGAT	1	0.000290951411114344
GTGGTCGCACTGCAGCAAGAAGACTCAGCTGCGTATCTCTGCACCAGCAGCCTCGGGACAGTTGAACCTGAAGCTTTCTTTGGACAA	1	0.000290951411114344
GCCCTGCAGCCAGAAGACTCAGCCCTGTATCTCTGCGCCAGCAGCCAACCCGGGACCGCTGGGGGAGGAGAACAGTTCTTCGGGCCA	2	0.000581902822228688
TCCCTGGAGCTTGGTGACTCTGCTGTGTATTTCTGTGCCAGCAGCCAGTCATTGGGGGGCGCGGCCCACGAGCAGTACTTCGGGCCG	1	0.000290951411114344
CAATTCCCTGGAGCTTGGTGACTCTGCTGTGTATTTCTGTGCCAGCAGCCCTCCGGGACAGGGGGGTGTGGCTACACCTTCGGTTCG	1	0.000290951411114344
CTGAGCTCTCTGGAGCTGGGGGACTCAGCTTTGTATTTCTGTGCCAGCAGCGGGGGACAGGGCCGTTATGGCTACACCTTCGGTTCG	1	0.000290951411114344
TCCGCTCACCAGGCCTGGGGGACGCAGCCATGTACCTGTGTGCCACCAGCCGAAGGGACAGGGCATCAGCCCCAGCATTTTGGTGAT	1	0.000290951411114344
CACAGAGCGGGGGGACTCAGCCGTGTATCTCTGTGCCAGCAGCTTGTAACCGGGACAGAGGACTCCTACGAGCAGTACTTCGGGCCG	1	0.000290951411114344
ACCTTGGAGATCCAGCGCACAGAGCAGGGGGACTCGGCCATGTATCTCTGTGCCAGCAGCTCTCTGGATACGCAGTATTTTGGCCCA	1	0.000290951411114344
TCCACAAAGCTGGAGGACTCAGCCATGTACTTCTGTGCCAGCAGTGATCCCCCGGGAGGCCTTAGGAATGAGCAGTTCTTCGGGCCA	1	0.000290951411114344
TTGCTGGGGGACTCGGCCCTCTATCTCTGTGCCAGCAGCTTCCTAGGGAATCTGAGCTCTGGGGCCAACGTCCTGACTTTCGGGGCC	1	0.000290951411114344
ACAGTGACCAGTGCCCATCCTGAAGACAGCAGCTTCTACATCTGCAGTGCTAGAGAGAGGCTAGGAGGCGAGCAGTACTTCGGGCCG	1	0.000290951411114344
ACCAGTGCCCATCCTGAAGACAGCAGCTTCTACATCTGCAGTGCTAGCCTTAGAGGGTCCCCCCAAGAGACCCAGTACTTCGGGCCA	1	0.000290951411114344
TCAGAACCCAGGGACTCAGCTGTGTACTTCTGTGCCAGCAGTTTTTCCGGAGGGATCTTGAACACCGGGGAGCTGTTTTTTGGAGAA	1	0.000290951411114344
AAGATCCGGTCCACAAAGCTGGAGGACTCAGCCATGTACTTCTGTGCCAGCAGCGACTTGATTACCTACGAGCAGTACTTCGGGCCG	1	0.000290951411114344
CGCACAGAGCAGGGGGACTCGGCCATGTATCTCTGTGCCAGCAGCTTAGAGGGCGGGCTAAGCTACAATGAGCAGTTCTTCGGGCCA	1	0.000290951411114344
GTGAGCACCTTGGAGCTGGGGGACTCGGCCCTTTATCTTTGCGCCAGCAACCTGAGGGGAACCTACAATGAGCAGTTCTTCGGGCCA	1	0.000290951411114344
AGATCCAGCGCACAGAGCGGGGGGACTCAGCCGTGTATCTCTGTGCCAGCGGATAGCAGGGGGAATTCACCCCTCCACTTTGGGAAT	2	0.000581902822228688
NTGAAGATCCAGCCCTCAGAACCCAGGGACTCAGCTGTGTATTTTTGTGCTAGTGGTTGGCACAGGGTTAGCTACACCTTCGGTTCG	2	0.000581902822228688
CTGACAGTGACCAGTGCCCATCCTGAAGACAGCAGCTTCTACATCTGCAGTGCTAGTATTGGGGCCCCCGAGCAGTACTTCGGGCCG	1	0.000290951411114344
CAGCCCTCAGAACCCAGGGACTCAGCTGTGTACTTCTGTGCCAGCAGTTTACCAGCGAGGGGACTTGATGGCTACACCTTCGGTTCG	1	0.000290951411114344
CGCACAGAGCAGGAGGACTCCGCCGTGTATCTCTGTGCCAGCAGCTTAGCCTTAGCGGGAGGAAGAGAGACCCAGTACTTCGGGCCA	1	0.000290951411114344
GCCTTGGAGCTGGACGACTCGGCCCTGTATCTCTGTGCCAGCAGCTTGCAGGCGTCAGGGGGCAAAAACACCATATATTTTGGAGAG	1	0.000290951411114344
GTGAACGCCTTGGAGCTGGACGACTCGGCCCTGTATCTCTGTGCCACCAATCCCGGGACAGTAAATTCACCCCTCCACTTTGGGAAT	1	0.000290951411114344
ACGATCCAGCGCACAGAGCAGGAGGACTCGGCCGTGTATCTCTGTGCCAGCAGCCTTGGGGACTCCTACGAGCAGTACTTCGGGCCG	1	0.000290951411114344
CTGACAGTGACCAGTGCCCATCCTGAAGACAGCAGCTTCTACATCTGCAGTGCCAGCAGGGTAACTAGCGAGCAGTACTTCGGGCCG	1	0.000290951411114344
CTTGACATCCGCTCACCAGGCCTGGGGGACGCAGCCATGTACCTGTGTGCCACCCAGGTCGGGACAGATACGCAGTATTTTGGCCCA	1	0.000290951411114344
CGCCTTGGAGCTGGACGACTCGGCCCTGTATCTCTGTGCCAGCAGCTTGGTCACCGGGACTAGCAAAACGAGCAGTACTTCGGGCCG	1	0.000290951411114344
TCTGCCATCCCCAACCAGACAGCTCTTTACTTCTGTGCCACCAGTGATTCGGGACAGGGTGGTGTGGGTACGCAGTATTTTGGCCCA	1	0.000290951411114344
CCTGCAAAGCTTGAGGACTCGGCCGTGTATCTCTGTGCCAGCAGCTTAGACTTGCCCGGGAGCGGTGAGACCCAGTACTTCGGGCCA	1	0.000290951411114344
GAGCTGGGGGACTCAGCTTTGTATTTCTGTGCCAGCAGCGTCGAGGGGCAGCCTGGCCCTTCTAACTATGGCTACACCTTCGGTTCG	2	0.000581902822228688
GAGTCGCCCAGCCCCAACCAGACCTCTCTGTACTTCTGTGCCAGCAGCTTTGGGGCTAGCGGCTCCTACGAGCAGTACTTCGGGCCG	1	0.000290951411114344
GTGACCAGTGCCCATCCTGAAGACAGCAGCTTCTACATCTGCAGTGTCTCGGGGGGAGTGTCTTCCTACGAGCAGTACTTCGGGCCG	1	0.000290951411114344
TCGGCTGCTCCCTCCCAAACATCTGTGTACTTCTGTGCCAGCAGTCCAGGGCGGGAGTCGAGAACCGGGGAGCTGTTTTTTGGAGAA	1	0.000290951411114344
NTGAAGATCCAGCCCTCAGAACCCAGGGACTCAGCTGTGTACTTCTGTGCCAGCAGTATCCAGTGGCAGCCCCAGCATTTTGGTGAT	1	0.000290951411114344
ATGAATGTGAGCACCTTGGAGCTGGGGGACTCGGCCCTTTATCTTTGCGCCAGCAGCCCGGAAAGTGCCGAGCAGTACTTCGGGCCG	1	0.000290951411114344
GCACAGAGCAGGGGGACTCAGCCGCGTATCTCCGTGCCAGCAGCTCTCAGGTGGCTATCGAACACCGGGGAGCTGTTTTTTGGAGAA	1	0.000290951411114344
ATCCGGTCCACAAAGCTGGAGGACTCAGCCATGTACTTCTGTGCCAGCAGTGCCGGGACAGGGAATCAGCCCCAGCATTTTGGTGAT	1	0.000290951411114344
TTGGCTGCTCCCTCCCAGACATCTGTGTACTTCTGTGCCAGCAGTTACCTGGGGTTCGGCTCTGGAAACACCATATATTTTGGAGAG	1	0.000290951411114344
CTGACTGTGAGCAACATGAGCCCTGAAGACAGCAGCATATATCTCTGCAGCGTTCTGGGGGGTAACTATGGCTACACCTTCGGTTCG	2	0.000581902822228688
ATTCTGGAGTCCGCCAGCACCAACCAGACATCTATGTACCTCTGTGCCAGCAGCGTATCAACCTACAATGAGCAGTTCTTCGGGCCA	1	0.000290951411114344
ACATCGGCCCAAAAGAACCCGACAGCTTTCTATCTCTGTGCCAGTAGTATAGGGGTAACGGGAGGTAGGAAGCAGTTCTTCGGGCCA	1	0.000290951411114344
TTGGAGCTGGGGGACTCGGCCCTTTATCTTTGCGCCAGCAGCCTAATGCTGGGGACAGGGGTATCCGGGGAGCTGTTTTTTGGAGAA	1	0.000290951411114344
ATCAATTCCCTGGAGCTTGGTGACTCTGCTGTGTATTTCTGTGCCAGCAGCCAAGAAGGGCGTACCTACGAGCAGTACTTCGGGCCG	1	0.000290951411114344
GTGAGCAACATGAGCCCTGAAGACAGCAGCATATATCTCTGCAGCGTTGCTATAGGCTCAACTAATGAAAAACTGTTTTTTGGCAGT	1	0.000290951411114344
ACAGTGACCAGTGCCCATCCTGAAGACAGCAGCTTCTACATCTGCAGTGCTAGAGATCGGAGGAAGGGCGGCTACACCTTCGGTTCG	1	0.000290951411114344
TCCTTGGAGCTGGGGGACTCAGCCCTGTACTTCTGTGCCAGCAGCCTAAGGTCCGATAGCTCCTACAATGAGCAGTTCTTCGGGCCA	1	0.000290951411114344
GTGAGCACCTTGGAGCTGGGGGACTCGGCCCTTTATCTTTGCGCCAGCAGCTCGATTCGGGGGAACACTGAAGCTTTCTTTGGACAA	1	0.000290951411114344
ATCCTGGAGTCGCCCAGCCCCAACCAGACCTCTCTGTACTTCTGTGCCAGCAGTTCCCAGGCGTTGGACGAGCAGTACTTCGGGCCG	1	0.000290951411114344
ACTCTGACAGTGACCAGTGCCCATCCTGAAGACAGCAGCTTCTACATCTGCAGTCCCAGTTTCCAAGAGACCCAGTACTTCGGGCCA	1	0.000290951411114344
CTGAGCTCTCTGGAGCTGGGGGACTCAGCTTTGTATTTCTGTGCCAGCAGCGACCGGGCTGCGGGTTACGAGCAGTACTTCGGGCCG	1	0.000290951411114344
ACTGTGAGCAACATGAGCCCTGAAGACAGCAGCATATATCTCTGCAGCGTTGAGAGGGAGGGGATCGCTGAAGCTTTCTTTGGACAA	1	0.000290951411114344
CTGAGTTCTAAGAAGCTCCTTCTCAGTGACTCTGGCTTCTATCTCTGTGCCCTGGAGCGATTTGGAAACACCATATATTTTGGAGAG	1	0.000290951411114344
CAGGTAGTGCGAGGAGATTCGGCAGCTTATTTCTGTGCCAGCTCACCTCCGGGACGGCCGAACACCGGGGAGCTGTTTTTTGGAGAA	1	0.000290951411114344
CCTGCAAAGCTTGAGGACTCGGCCGTGTATCTCTGTGCCAGCAGCAAAAGACTAGCGGGAGCAACCGGGGAGCTGTTTTTTGGAGAA	1	0.000290951411114344
CCATGTATCTCTGTGCCAGCAGCTTAAGAAGGACCGTGGATTCTCCGGTAATGCCTTTGAAGCACAGATACGCAGTATTTTGGCCCA	1	0.000290951411114344
CAGCGCACAGAGCAGGAGGACTCGGCCGTGTATCTCTGTGCCAGCAGCCCGGGACTAGCGGGGGCTAATGAGCAGTTCTTCGGGCCA	1	0.000290951411114344
ACCTTGGAGCTGGGGGACTCGGCCCTTTATCTTTGCGCCAGCAGCTTGCGACAGGGCAGGTATAATTCACCCCTCCACTTTGGGAAT	1	0.000290951411114344
TCAGAACCCAGGGACTCAGCTGTGTATTTTTGTGCTAGTGGTTTGGTAAAACAGGCTACAAACACCGGGGAGCTGTTTTTTGGAGAA	1	0.000290951411114344
CACAGAGCAGGGGGACTCGGCCATGTATCTCTGTGCCAGCAGCTTAGCCGGGACTAGCGGGAGGTCTATGAGCAGTTCTTCGGGCCA	1	0.000290951411114344
TAGTGCGAGGAGATTCGGCAGCTTATTTCTGTGCCAGCTCACCACCGGGACTAGCGGGAGGGCCGAGATACGCAGTATTTTGGCCCA	1	0.000290951411114344
CAGCGCACAGAGCAGGGGGACTCGGCCATGTATCTCTGTGCCAGCAGCTCGAGGGGGACTAGCGGGAATGAGCAGTTCTTCGGGCCA	1	0.000290951411114344
GCTGCTCCCTCCCAGACATCTGTGTACTTCTGTGCCAGCAGGCCAACTAGCGGGAGGACCGCCATCTACGAGCAGTACTTCGGGCCG	1	0.000290951411114344
ATCCAGCGCACAGAGCAGGGGGACTCGGCCATGTATCTCTGTGCCAGCCTGGCCGGGGGCGGCGGGAACACCATATATTTTGGAGAG	1	0.000290951411114344
AGTTCTAAGAAGCTCCTTCTCAGTGACTCTGGCTTCTATCTCTGTGCCTGGAGTGTAAACGGCCGAAACACCATATATTTTGGAGAG	1	0.000290951411114344
CAGCGCACAGAGCAGGAGGACTCGGCCGTGTATCTCTGTGCCAGCAGCTTAGTTGGAGGGAACGGTCAGCCCCAGCATTTTGGTGAT	1	0.000290951411114344
GTGACATCGGCCCAAAAGAACCCGACAGCTTTCTATCTCTGTGCCAGTAGTATAGGAGGGGGCATCGATACGCAGTATTTTGGCCCA	1	0.000290951411114344
CACGCCCTGCAGCCAGAAGACTCAGCCCTGTATCTCTGCGCCAGCAGCCAGAGGACACCGATGAACACTGAAGCTTTCTTTGGACAA	2	0.000581902822228688
GCCCTGCAGCCAGAAGACTCAGCCCTGTATCTCTGCGCCAGCAGCCAAGTTTGGGACGGGAGCAATTCACCCCTCCACTTTGGGAAT	1	0.000290951411114344
GTGACCAGTGCCCATCCTGAAGACAGCAGCTTCTACATCTGCAGTGCTTACGACATGGGTTTGAACACTGAAGCTTTCTTTGGACAA	2	0.000581902822228688
GACATCGGCCCAAAAGAACCCGACAGCTTTCTATCTCTGTGCCAGTAGTATGGAGGGAAGTGAAGTTCACCCCTCCACTTTGGGAAT	1	0.000290951411114344
ACTCTGGAGTCCGCTACCAGCTCCCAGACATCTGTGTACTTCTGTGCCATCAGTGAGGACACCTCCTACGAGCAGTACTTCGGGCCG	2	0.000581902822228688
TTGGAGCTGGGGGACTCGGCCCTGTATCTCTGTGCCAGAAGCTGAGGGTCGAGTCGGGCTCACTCCTACGAGCAGTACTTCGGGCCG	1	0.000290951411114344
CACCTACACGCCCTGCAGCCAGAAGACTCAGCCCTGTATCTCTGCGCCAGCAGCCACTTAGGCCAAGAGACCCAGTACTTCGGGCCA	1	0.000290951411114344
ATTCCCTGGAGCTTGGTGACTCTGCTGTGTATTTCTGTGCCAGCAGCAAGGTTACCCATTTCACGCACTGAAGCTTTCTTTGGACAA	1	0.000290951411114344
GTGAACGCCTTGTTGCTGGGGGACTCGGCCCTCTATCTCTGTGCCAGCAGCTTCGGACAGCTCAATCAGCCCCAGCATTTTGGTGAT	1	0.000290951411114344
GTGAGCACCTTGGAGCTGGGGGACTCGGCCCTTTATCTTTGCGCCAGCTGTCCTAGCGGGGTGCCCAGGGAGCAGTACTTCGGGCCG	1	0.000290951411114344
CAGCCCTCAGAACCCAGGGACTCAGCTGTGTACTTCTGTGCCAGCAGTCGTATGAAGACAGGGAACACTGAAGCTTTCTTTGGACAA	2	0.000581902822228688
TCCCTGGAGCTTGGTGACTCTGCTGTGTATTTCTGTGCCAGCAGCCAATCTAGCGGGAGGGGCCCCTACGAGCAGTACTTCGGGCCG	1	0.000290951411114344
CAGCGCACAGAGCAGGGGGACTCGGCCATGTATCTCTGTGCCAGCAGCGTCTGACAGAACTATAATTCACCCCTCCACTTTGGGAAT	1	0.000290951411114344
CTGATCCTGGAGTCGCCCAGCCCCAACCAGACCTCTCTGTACTTCTGTGCCAGCAGCCCAGGGGCAGGGGGCTACACCTTCGGTTCG	1	0.000290951411114344
ACCAACCAGACATCTATGTACCTCTGTGCCAGCAGTTTTTTATCCGGGAGAGACCCACGGGGGTCAAGCGAGCAGTACTTCGGGCCG	1	0.000290951411114344
GTGAGCACCTTGGAGCTGGGGGACTCGGCCCTTTATCTTTGCGCCAGCAGCTTGGAAGGAACCAGCCCCGAGCAGTACTTCGGGCCG	1	0.000290951411114344
ACATCGGCCCAAAAGAACCCGACAGCTTTCTATCTCTGTGCCAGTAGTATAACAGGGGTGCCTAACTATGGCTACACCTTCGGTTCG	1	0.000290951411114344
NNNNNNAATTTCCCCCTCACTCTGGAGTCAGCTACCAGCTCCCAGACATCTGTGTACTTCTGTGCCATCACCTTCTTTTTTGGCAGT	1	0.000290951411114344
AAGCTGGAGGACTCAGCCATGTACTTCTGTGCCAGCAGCGGACCGTTGGGGAGCGGGAGAACCTACAATGAGCAGTTCTTCGGGCCA	1	0.000290951411114344
GCTCCCTCCCAGACATCTGTGTACTTCTGTGCCAGCAGCCGATACTTAGCGGGAAAGTCGAACACCGGGGAGCTGTTTTTTGGAGAA	1	0.000290951411114344
CACCTACACACCCTGCAGCCAGAAGACTCGGCCCTGTATCTCTGTGCCAGCAGCCAAGAGGCAGATCAGCCCCAGCATTTTGGTGAT	1	0.000290951411114344
AGTTCTAAGAAGCTCCTTCTCAGTGACTCTGGCTTCTATCTCTGTGCCTCCTACCGACAGGGGGGGACTGAAGCTTTCTTTGGACAA	1	0.000290951411114344
ACTGTGAGCAACATGAGCCCTGAAGACAGCAGCATATATCTCTGCAGCGTCGGGACAAATTTAGCCGGGGAGCTGTTTTTTGGAGAA	1	0.000290951411114344
TGGAACCCAGGGACTTGGGCCTATATTTCTGTGCCAGCAGCCACTCCATCAGGGGGCGCTCCCCCCCAGCCCCAGCATTTTGGTGAT	1	0.000290951411114344
NNNNTGTCGGCTGCTCCCTCCCAGACATCTGTGTACTTCTGTGCCAGCAGGAGACCAGGGGGATCCGGGGAGCTGTTTTTTGGAGAA	1	0.000290951411114344
TCGGCTGCTCCCTCCCAGACATCTGTGTACTTCTGTGCCACTCTGCTAGGGACTAGCGGGACTAGCGGGGAGCTGTTTTTTGGAGAA	1	0.000290951411114344
CTGGAGTCAGCTACCAGCTCCCAGACATCTGTGTACTTCTGTGCCATCACCATAGCGGGGGGCACCGGGGAGCTGTTTTTTGGAGAA	1	0.000290951411114344
AGTTCTAAGAAGCTCCTTCTCAGTGACTCTGGCTTCTATCTCTGTGCCTGGACCCTATGGGACTACAATGAGCAGTTCTTCGGGCCA	1	0.000290951411114344
GAGCACCTTGGAGCTGGGGGACTCGGCCCTTTATCTTTGCGCCAGCAGCTTCCCCCCTGGGGGGGAAGTGGCTACACCTTCGGTTCG	1	0.000290951411114344
CTGGGGGACTCGGCCCTGTATCTCTGTGCCAGCAGCCCCAGGGGACAGGGGTTACCTAGCGGGTCCTACGAGCAGTACTTCGGGCCG	1	0.000290951411114344
CGCACACAGCAGGAGGACTCGGCCGTGTATCTCTGTGCCAGCAGCTTATTTCTAGCGGGTCCAAACAATGAGCAGTTCTTCGGGCCA	1	0.000290951411114344
GTGAGCAACATGAGCCCTGAAGACAGCAGCATATATCTCTGCAGCGTTGGCCAGGGTTCTTTGCGGACTGAAGCTTTCTTTGGACAA	1	0.000290951411114344
ACCAGTGCCCATCCTGAAGACAGCAGCTTCTACATCTGCAGTGCTACCAGACTAGCGGGGTCTCAAGAGACCCAGTACTTCGGGCCA	1	0.000290951411114344
CGGTCCACAAAGCTGGAGGACTCAGCCATGTACTTCTGTGCCAGCATCGGGACAGGGGGCAGGGGGGATACGCAGTATTTTGGCCCA	1	0.000290951411114344
ACAGAGCGGGGGGACTCAGCCGTGTATCTCTGTGCCAGCAGCTTAGATTCTAGCGGGAGAAAGACCGGGGAGCTGTTTTTTGGAGAA	1	0.000290951411114344
ACTGTGAGCAACATGAGCCCTGAAGACAGCAGCATATATCTCTGCAGCGTGAGGGCGCCTGCCTCCTACGAGCAGTACTTCGGGCCG	1	0.000290951411114344
NTGTCGGCTGCTCCCTCCCAGACATCTGTGTACTTCTGTGCCAGCAGTCCCACCATAATGGACAATCAGCCCCAGCATTTTGGTGAT	1	0.000290951411114344
CTCAGAACCCAGGGACTCAGCTGTGTACTTCTGTGCCAGCAGTTTACCGGGCGGGAGCTGGATAACAATGAGCAGTTCTTCGGGCCA	1	0.000290951411114344
AAGATCCAGCCTGCAGAGCTTGGGGACTCGGCCGTGTATCTCTGTGCCAGCAGCTTAGTTCCCCATCAGAGGCAGTTCTTCGGGCCA	1	0.000290951411114344
CTGGAGCTTGGTGACTCTGCTGTGTATTTCTGTGCCAGCAGTTTCCATGTAGCTCCAAGCGATAACAATGAGCAGTTCTTCGGGCCA	1	0.000290951411114344
AGCACCTTGGAGCTGGGGGACTCGGCCCTTTATCTTTGCGCCAGCAGCGCCATGGGACTAGCGTTTGCTGAGCAGTTCTTCGGGCCA	1	0.000290951411114344
NNNNTGTCGGCTGCTCCCTCCCAGACATCTGTGTACTTCTGTGCCAGCAGTGCGTTAGGGACAGCCTATGAAGCTTTCTTTGGACAA	2	0.000581902822228688
CTCACTCTGGAGTCCGCTACCAGCTCCCAGACATCTGTGTACTTCTGTGCCATCGGGGGTAACCAAGAGACCCAGTACTTCGGGCCA	1	0.000290951411114344
TGTACCCTCTCAGACATCTGTGTACTTCTGTGCCAGCAGTGTCCCCGGCTAGCGGGAAGCTCCTACAATGAGCAGTTCTTCGGGCCA	1	0.000290951411114344
GTCGCCCAGCCCCAACCAGACCTCTCTGTACTTCTGTGCCAGCAGCCCGCGGGAGGGAACTCTAACTATGGCTACACCTTCGGTTCG	1	0.000290951411114344
GGACACAGCACTGTATTTCTGTGCCAGCAGCAAATAACCTTTAGGCGGGTATCATCCCAAATTTGAGAGACCCAGTACTTCGGGCCA	1	0.000290951411114344
GAGTCGCCCAGCCCCAACCAGACCTCTCTGTACTTCTGTGCCCCATGGCGTCCCGCGCTAGCCAAAAACATTCAGTACTTCGGCGCC	1	0.000290951411114344
CATCCTGAAGACAGCAGCTTCTACATCTGCAGTGCTAGACTTACTTTGCCCGGGACTAGGTCTTACGGGGAGCTGTTTTTTGGAGAA	1	0.000290951411114344
NNNNTGTCGGCTGCTCCCTCCCAGACATCTGTGTACTTCTGTGCCAGCACAAGGGACGGCGTCTACAATGAGCAGTTCTTCGGGCCA	1	0.000290951411114344
CAGCCTGCAGAACTGGAGGATTCTGGAGTTTATTTCTGTGCCAGCAGCCTGCCAGATGGGAATAATTCACCCCTCCACTTTGGGAAT	2	0.000581902822228688
ACAGTGACCAGTGCCCATCCTGAAGACAGCAGCTTCTACATCTGCAGTGCCGAGACTAGCGGGAAATACGAGCAGTACTTCGGGCCG	1	0.000290951411114344
AATGTGAGCACCTTGGAGCTGGGGGACTCGGCCCTTTATCTTTGCGCCAGCAGCCCAGGGTATAACACTGAAGCTTTCTTTGGACAA	1	0.000290951411114344
GACGATCCAGCGCACAGAGCAGGAGGACTCGGCCGTGTATCTCTGTGCCAGCAGCCCAGGGAGGGCACTGAAGCTTTCTTTGGACAA	2	0.000581902822228688
TTGGCTGCTCCCTCCCAGACATCTGTGTACTTCTGTGCCAGCAGTGGGCGGGTTTCCGCTAGCAATCAGCCCCAGCATTTTGGTGAT	2	0.000581902822228688
CTGCAGCCAGAAGACTCGGCCCTGTATCTCTGTGCCAGCAGCCAAGATGGACTAGCGGGGGATTTTTACGAGCAGTACTTCGGGCCG	1	0.000290951411114344
ATCCAGCGCACAGAGCGGGGGGACTCAGCCGTGTATCTCTGTGCCAGCAGCTTAACTAGCGGCACAGATACGCAGTATTTTGGCCCA	1	0.000290951411114344
NTGTCGGCTGCTCCCTCCCAAACATCTGTGTACTTCTGTGCCAGCAGCCCCAGACCGGCTTTCCAAGAGACCCAGTACTTCGGGCCA	1	0.000290951411114344
CTGAAGACAGCAGCTTCTACATCTGCAGTGCTAGAGATCTGGATGGGGGGGCGCATCGGGGGAGGCACTGAAGCTTTCTTTGGACAA	1	0.000290951411114344
CTGAAGATCCGGTCCACAAAGCTGGAGGACTCAGCCATGTACTTCTGTGCCAGCAGTGAGTACCAGGGCAAACCGTTTTTTGGCAGT	1	0.000290951411114344
ACTGTGAGCAACATGAGCCCTGAAGACAGCAGCATATATCTCTGCAGCGTTGTGGGGGGGCGGCACGGGGAGCTGTTTTTTGGAGAA	1	0.000290951411114344
AACGCCTTGGAGCTGGACGACTCGGCCCTGTATCTCTGTGCCAGCAGCCCGGGACGGACGAACACCGGGGAGCTGTTTTTTGGAGAA	1	0.000290951411114344
CTGCTGTACCCTCTCAGACATCTGTGTACTTCTGTGCCAGCAGTTCCGGGACTACTGAGCTCCTACAATGAGCAGTTCTTCGGGCCA	1	0.000290951411114344
TCTGCCATCCCCAACCAGACAGCTCTTTACTTCTGTGCCACCAGTGATAACGGGATCGCGAACACCGGGGAGCTGTTTTTTGGAGAA	1	0.000290951411114344
AGCACCTTGGAGCTGGGGGACTCGGCCCTTTATCTTTGCGCCAGCAGCCCGGAGCAGCCGCCCCCCTACGAGCAGTACTTCGGGCCG	1	0.000290951411114344
NNNNTGTCGGCTGCTCCCTCCCAGACATCTGTGTACTTCTGTGCCAGCACCTACTACATTTCCCAGGCAGGCTACACCTTCGGTTCG	1	0.000290951411114344
GTAGTGCGAGGAGATTCGGCAGCTTATTTCTGTGCCAGCTCACCAATTTACAGGGGGATGGGCACAGATACGCAGTATTTTGGCCCA	1	0.000290951411114344
GCCCTGCAGCCAGAAGACTCAGCCCTGTATCTCTGCGCCAGCAGCCAATTCAGAGAGTCCTCCCGCAATGAGCAGTTCTTCGGGCCA	1	0.000290951411114344
CCAGCGCACAGAGCAGCGGGACTCGGCCATGTATCGCTGTGCCAGCAGCCCTCCGGGAGAGTGGATCAGCCCCAGCATTTTGGTGAT	2	0.000581902822228688
GCCTTGTTGCTGGGGGACTCGGCCCTCTATCTCTGTGCCAGCAGCGCCTCACCCCCGGCCGGCGCACAGCCCCAGCATTTTGGTGAT	1	0.000290951411114344
CGCCCAGCCCCAACCAGACCTCTCTGTACTTCTGTGCCAGCAGTTTAAAGGAAAAGCGGGTGAGCGCTAGGGCAGTACTTCGGGCCG	1	0.000290951411114344
ACTCTGACGATTCAGCGCACAGAGCAGGAGGACTCGGCCGTGTATCTCTGTGCCAGCAGCCCCCAAGAGACCCAGTACTTCGGGCCA	1	0.000290951411114344
CACGCCCTGCAGCCAGAAGACTCAGCCCTGTATCTCTGCGCCAGCAGCCTCCTTGGCGGGACATACAATGAGCAGTTCTTCGGGCCA	1	0.000290951411114344
CTGGAGTCCGCTACCAGCTCCCAGACATCTGTGTACTTCTGTGCCATCAGTGAGTCAGGTCCCCACGGGGAGCAGTACTTCGGGCCG	1	0.000290951411114344
ACAGTGACCAGTGCCCATCCTGAAGACAGCAGCTTCTACATCTGCAGTGCTAGAATGGGGGGGGATGAAAAACTGTTTTTTGGCAGT	1	0.000290951411114344
GAGTCCGCTACCAGCTCCCAGACATCTGTGTACTTCTGTGCCATCAGTGAGTTAATAGCGGGATCCTACGAGCAGTACTTCGGGCCG	2	0.000581902822228688
CTGATCCTGGAGTCGCCCAGCCCCAACCAGACCTCTCTGTACTTCTGTGCCAGGTCAGGCGCCTCCTACGAGCAGTACTTCGGGCCG	1	0.000290951411114344
CTCACTCTGGAGTCCGCTACCAGCTCCCAGACATCTGTGTACTTCTGTGCCATCAGTGAGCTAAAGGAGACCCAGTACTTCGGGCCA	1	0.000290951411114344
AACCTTCACCTACACGCCCTGCAGCCAGAAGACTCAGCCCTGTATCTCTGCGCCAGCAGCTTGGGCTCCCAAGCTTTCTTTGGACAA	2	0.000581902822228688
CACGCCCTGCAGCCAGAAGACTCAGCCCTGTATCTCTGCGCCAGCAGCCTCGGACTAGCGGGAGGGTACGAGCAGTACTTCGGGCCG	1	0.000290951411114344
CAGCGCACAGAGCAGGGGGACTCGGCCATGTATCTCTGTGCCAGCAGCCCCTCGAGCTCCTATAATTCACCCCTCCACTTTGGGAAT	2	0.000581902822228688
CTCCTCACTCTGGAGTCCGCTACCAGCTCCCAGACATCTGTGTACTTCTGTGCCATCGGGGGGGAGTACGAGCAGTACTTCGGGCCG	1	0.000290951411114344
AGTTCTAAGAAGCTCCTTCTCAGTGACTCTGGCTTCTATCTCTGTGCCTGGGACAAACAGGGATTCTATGGCTACACCTTCGGTTCG	1	0.000290951411114344
AGCACCTTGGAGCTGGGGGACTCGGCCCTTTATCTTTGCGCCAGCAGCATCCGGGACAGAGTATGGAATGAGCAGTTCTTCGGGCCA	1	0.000290951411114344
CAGCGCACACAGCAGGAGGACTCCGCCGTGTATCTCTGTGCCAGCAGCCTGAGTTGGACAGCAGGAAGCGAGCAGTACTTCGGGCCG	1	0.000290951411114344
CGCTCACCAGGCCTGGGGGACGCAGCCATGTACCTGTGTGCCACCAGCAGAGAGGGAGCCAGGGCTAGTGGCTACACCTTCGGTTCG	1	0.000290951411114344
AGTCCACGGAGTCAGGGGACACAGCACTGTATTTCTGTGCCAGCAGACAAAGGACAGGGTGAGGGAGAGACCCAGTACTTCGGGCCA	1	0.000290951411114344
CCAGCCCCAACCAGACCTCTCTGTACTTCTGTGCCAGCAGGCCCACCCCACAGGGGGCTCTTGAACACTGAAGCTTTCTTTGGACAA	2	0.000581902822228688
CTGAGTTCTAAGAAGCTCCTTCTCAGTGACTCTGGCTTCTATCTCTGTGCCTACCTAAGGGGAGGAGGTGAAGCTTTCTTTGGACAA	2	0.000581902822228688
ACCAGTGCCCATCCTGAAGACAGCAGCTTCTACATCTGCAGTGCTAGAGATGGGGGGGAGCCCAAAAACATTCAGTACTTCGGCGCC	1	0.000290951411114344
CTGGAGTCCGCCAGCACCAACCAGACATCTATGTACCTCTGTGCCAGCAGTTTACAGGGGGCCATCTATGGCTACACCTTCGGTTCG	1	0.000290951411114344
CTGAGTTCTAAGAAGCTCCTTCTCAGTGACTCTGGCTTCTATCTCTGTGCCTGGAGTGTACTGGGGCTTGAAGCTTTCTTTGGACAA	1	0.000290951411114344
TCGGCCCAAAAGAACCCGACAGCTTTCTATCTCTGTGCCAGTAGTATAACCCCAAGCGGGGGGATGTACGAGCAGTACTTCGGGCCG	1	0.000290951411114344
ACGATCCAGCGCACAGAGCAGGAGGACTCGGCCGTGTATCTCTGTGCCAGCAGCTTCGCTACCAATTCACCCCTCCACTTTGGGAAT	1	0.000290951411114344
ACCTTGGAGCTGGGGGACTCGGCCCTTTATCTTTGCGCCAGCAGCTTCCAAGGGACAGGGTCACACAATGAGCAGTTCTTCGGGCCA	1	0.000290951411114344
GTGAGCACCTTGGAGCTGGGGGACTCGGCCCTTTATCTTTGCGCCAGCAGCCCCGACAGTCTCAACAATGAGCAGTTCTTCGGGCCA	1	0.000290951411114344
ACCAGTGCCCATCCTGAAGACAGCAGCTTCTACATCTGCAGTGCCGTCCCCGGGACAGGGGGACAAGAGACCCAGTACTTCGGGCCA	1	0.000290951411114344
GTGAGCACCTTGGAGCTGGGGGACTCGGCCCTTTATCTTTGCGCCAGCAGCTTGGAGGGCAGTTGGGAAAAACTGTTTTTTGGCAGT	2	0.000581902822228688
TCGGCTGCTCCCTCCCAAACATCTGTGTACTTCTGTGCCAGCAGCCAAGGGACTAGCGGGAGGAACTACGAGCAGTACTTCGGGCCG	1	0.000290951411114344
ATCCAGCGCACACAGCAGGAGGACTCGGCCGTGTATCTCTGTGCCAGCAGCCTAGGACAGGGCGTGCAGCCCCAGCATTTTGGTGAT	1	0.000290951411114344
NTGAAGATCCAGCCCTCAGAACCCAGGGACTCAGCTGTGTACTTCTGTGCCAGCAGTAACAGGGGTTCACCCCTCCACTTTGGGAAT	2	0.000581902822228688
CTGAGTTCTAAGAAGCTCCTTCTCAGTGACTCTGGCTTCTATCTCTGTGCCTGGAGTGTCCTAGCAAGTGAGCAGTTCTTCGGGCCA	1	0.000290951411114344
CACATCAATTCCCTGGAGCTTGGTGACTCTGCTGTGTATTTCTGTGCCAGCAGCCAAGGCAGGGACACTGAAGCTTTCTTTGGACAA	2	0.000581902822228688
GGGGGACTCGGCCCTTTATCTTTGCGCCAGCAGCTTGGGGATGGGACAGGCCCTCTTTCGGGGAATCAGCCCCAGCATTTTGGTGAT	1	0.000290951411114344
ACGATCCAGCGCACAGAGCAGGAGGACTCGGCCGTGTATCTCTGTGCCAGCGGAACAGGGGGATACACTGAAGCTTTCTTTGGACAA	1	0.000290951411114344
CTGCAGCCAGAAGACTCGGCCCTGTATCTCTGCGCCAGCAGCCAAGAGGCTAAGTGGGGCAGAGTGGGCGAGCAGTACTTCGGGCCG	1	0.000290951411114344
ATCCAGCAGGTAGTGCGAGGAGATTCGGCAGCTTATTTCTGTGCCAGCTCAGAGGTTCAGGCTGCCTATGGCTACACCTTCGGTTCG	1	0.000290951411114344
ACGATCCAGCGCACAGAGCAGGAGGACTCGGCCGTGTATCTCTGTGCCAGCAGCGGATCCCTGACGGGAGGCTACACCTTCGGTTCG	1	0.000290951411114344
CTGCTCCCTCCCAGACATCTGTGTACTTCTGTGCCATCGACAGAGTGAGCAACTATTTCTGGGGCCAACGTCCTGACTTTCGGGGCC	1	0.000290951411114344
GTGACCAGTGCCCATCCTGAAGACAGCAGCTTCTACATCTGCAGTGCTAGAGATCGAATCCGGGGAGAGACCCAGTACTTCGGGCCA	1	0.000290951411114344
CTGAGTTCTAAGAAGCTCCTTCTCAGTGACTCTGGCTTCTATCTCTGTGCCTGGAGCGCCACGGACACTGAAGCTTTCTTTGGACAA	3	0.000872854233343032
TCAGAACCCAGGGACTCAGCTGTGTACTTCTGTGCCAGCAGCCCTGTGCAAGGGGGAGTTGGCACAGATACGCAGTATTTTGGCCCA	1	0.000290951411114344
NNNNNNNNNNNNNTGTCGGCTGCTCCCTCCCAGACATCTGTGTACTTCTGTGCCAGCAATCCGGGGACTGAAGCTTTCTTTGGACAA	1	0.000290951411114344
CGGTCCACAAAGCTGGAGGACTCAGCCATGTACTTCTGTGCCAGCAGTGACGGGACCCCCCCGAGCAACGAGCAGTACTTCGGGCCG	1	0.000290951411114344
CACGCCCTGCAGCCAGAAGACTCAGCCCTGTATCTCTGCGCCAGCAGCCAAGAGGTGTGGACAGGGTACGAGCAGTACTTCGGGCCG	1	0.000290951411114344
CTTGACATCCGCTCACCAGGCCTGGGGGACGCAGCCATGTACCTGTGTGCCACCAGCCTCAGGGGCTACGAGCAGTACTTCGGGCCG	1	0.000290951411114344
CTGAGTTCTAAGAAGCTCCTTCTCAGTGACTCTGGCTTCTATCTCTGTGCCTGCCTCGAGAGTACAAATGAGCAGTTCTTCGGGCCA	1	0.000290951411114344
TCTCTGGAGCTGGGGGACTCAGCTTTGTATTTCTGTGCCAGCAGCGTAGCTCCTAGCGGGGTCTACAATGAGCAGTTCTTCGGGCCA	1	0.000290951411114344
TCTAAGAAGCTCCTTCTCAGTGACTCTGGCTTCTATCTCTGTGCCTGGAGTTACGGGGTTTTCGCGTACGAGCAGTACTTCGGGCCG	1	0.000290951411114344
NTGTCGGCTGCTCCCTCCCAGACATCTGTGTACTTCTGTGCCAGCAGTCGCGGGACGCTCAGAGGAAACACCATATATTTTGGAGAG	1	0.000290951411114344
GCTGCCTCCTCCCAGACATCTGTATATTTCTGCGCCAGCAGTGGAAAGTAGCGGGAGGGGAAAGCAGATACGCAGTATTTTGGCCCA	1	0.000290951411114344
TCGCCCAGCCCCAACCAGACCTCTCTGTACTTCTGTGCCAGCAGTTCACTTTTGGCAGGGGTGAATTCACCCCTCCACTTTGGGAAT	1	0.000290951411114344
ACCAGTGCCCATCCTGAAGACAGCAGCTTCTACATCTGCAGTGCGGTCCGAGTGGCGGGAGGGCACAATGAGCAGTTCTTCGGGCCA	1	0.000290951411114344
ATCCAGCGCACAGAGCAGGGGGACTCGGCCATGTATCTCTGTGCCAGCAGCTTTCAGGGGATGAACACTGAAGCTTTCTTTGGACAA	2	0.000581902822228688
CAGCGCACAGAGCAGGGGGACTCGGCCATGTATCTCTGTGCCAGCAGCTCCACAACAAGAATGAACACTGAAGCTTTCTTTGGACAA	6	0.00174570846668606
TCTGCCATCCCCAACCAGACAGCTCTTTACTTCTGTGCCACCAGTGACCCGTGAGCGGGGCGCACAGATACGCAGTATTTTGGCCCA	1	0.000290951411114344
ATGAATGTGAGCACCTTGGAGCTGGGGGACTCGGCCCTTTATCTTTGCGCCAGCAGCTTGGAAGGCTACGAGCAGTACTTCGGGCCG	1	0.000290951411114344
CCAGAAGACTCGGCCCTGTATCTCTGTGCCAGCAGCCAAGTTCACGGGCGGGAGGGCCACGGCACCGGGGAGCTGTTTTTTGGAGAA	1	0.000290951411114344
CTGCAGCCAGAAGACTCAGCCCTGTATCTCTGCGCCAGCAGCCAAATTTTCGAAAGGGGGCGCAAAAGTGGCTACACCTTCGGTTCG	1	0.000290951411114344
TTGGCGTCTGCTGTACCCTCTCAGACATCTGTGTACTTCTGTGCCAGCAGTGAGAGGACCAATTCCTACGAGCAGTACTTCGGGCCG	1	0.000290951411114344
CGCACAGAGCAGGGGGACTCGGCCATGTATCTCTGTGCCAGCAGCGGGGGGCTAGCGGGAGAGGCCGGGGAGCTGTTTTTTGGAGAA	1	0.000290951411114344
CTGGGGGACTCAGCCCTGTACTTCTGTGCCAGCAGCCGTCTAAGGACCGCAGCGGGAGAGGGGTACAATGAGCAGTTCTTCGGGCCA	1	0.000290951411114344
CTGAGCTCTCTGGAGCTGGGGGACTCAGCTTTGTATTTCTGTGCCAGCAGCCCCCGGGGACAGGGAGGGGGCTACACCTTCGGTTCG	1	0.000290951411114344
CGCACAGAGCAGCGGGACTCGGCCATGTATCGCTGTGCCAGCAGCTTAGGCGTGGGCTCCTATAATTCACCCCTCCACTTTGGGAAT	1	0.000290951411114344
TCCCTGGAGCTTGGTGACTCTGCTGTGTATTTCTGTGCCAGCAGCCCTACGGGACTAGCGCCCCGGGGTACGCAGTATTTTGGCCCA	1	0.000290951411114344
CAGGTAGTGCGAGGAGATTCGGCAGCTTATTTCTGTGCCAGCTCACCTTTGACAGTCGATAGCAATCAGCCCCAGCATTTTGGTGAT	1	0.000290951411114344
GTGAGCACCTTGGAGCTGGGGGACTCGGCCCTTTATCTTTGCGCCAGCAGCCCCAGGGACAGGTTTGCGGGCTACACCTTCGGTTCG	1	0.000290951411114344
ACTGTGACATCGGCCCAAAAGAACCCGACAGCTTTCTATCTCTGTGCCAGTAGTACCGCGTACTCCTACGAGCAGTACTTCGGGCCG	1	0.000290951411114344
CTTCACATCAATTCCCTGGAGCTTGGTGACTCTGCTGTGTATTTCTGTGCCAGCAGCCATTCAGGGAGGGACCAGTTCTTCGGGCCA	1	0.000290951411114344
ACAGTGACCAGTGCCCATCCTGAAGACAGCAGCTTCTACATCTGCAGTCCATACAACTCTGGGGCCAACGTCCTGACTTTCGGGGCC	1	0.000290951411114344
NNNNNNNTGTCGGCTGCTCCCTCCCAGACATCTGTGTACTTCTGTGCCAGCGCCGGAGCAACCCAAGAGACCCAGTACTTCGGGCCA	1	0.000290951411114344
AGCACCTTGGAGCTGGGGGACTCGGCCCTTTATCTTTGCGCCAGCAGCATCGACAGCTCTGGGGCCAACGTCCTGACTTTCGGGGCC	1	0.000290951411114344
TGGGGACTCGGCCGTGTATCTCTGTGCCAGCAGCGCCCCATCCCCGCAAGGGAGGGCCATGGCACAGATACGCAGTATTTTGGCCCA	1	0.000290951411114344
NNNNNNNTGTCGGCTGCTCCCTCCCAGACATCTGTGTACTTCTGTGCCAGCACCCCGCGTAACACCGGGGAGCTGTTTTTTGGAGAA	1	0.000290951411114344
GCTCCCTCCCAGACATCTGTGTACTTCTGTGCCAGCAGTCGAAGGGCAGGTGGGAACAAAGTCGGCCAACGTCCTGCTTTCGGGGCC	1	0.000290951411114344
CCCTGGAGTCTGCCAGGCCCTCACATACCTCTCAGTACCTCTGTGCCAGCAGGGGGGGGGAGTAACTATGGCTACACCTTCGGTTCG	1	0.000290951411114344
GTGACATCGGCCCAAAAGAACCCGACAGCTTTCTATCTCTGTGCCAGTAGTGCCAGTAGGCCTTACCACGAGCAGTACTTCGGGCCG	1	0.000290951411114344
CTACACGCCCTGCAGCCAGAAGACTCAGCCCTGTATCTCTGCGCCAGCAGCCATCCGGGACAGGTGTCTGAGCAGTTCTTCGGGCCA	1	0.000290951411114344
ATCCAGCGCACAGAGCAGGGGGACTCGGCCATGTATCTCTGTGCCAGCAGCTTGGACAGGGGGCCCACTGAAGCTTTCTTTGGACAA	2	0.000581902822228688
GTGACCAGTGCCCATCCTGAAGACAGCAGCTTCTACATCTGCAGTGCTAGCCAAGACAGGGCCTTCCGCGGCTACACCTTCGGTTCG	1	0.000290951411114344
ATCCTGGAGTCGCCCAGCCCCAACCAGACCTCTCTGTACTTCTGTGCCAGCAGTTTACCCGGGGTAGGTGAGCAGTTCTTCGGGCCA	1	0.000290951411114344
ATCCGCTCACCAGGCCTGGGGGACGCAGCCATGTACCTGTGTGCCACCAGTAGCGGGAGGCTTAGCAATGAGCAGTTCTTCGGGCCA	1	0.000290951411114344
GCCTTGGAGCTGGACGACTCGGCCCTGTATCTCTGTGCCAGCAGCCGCCGGGACAGGGGGCAGAATTCACCCCTCCACTTTGGGAAT	1	0.000290951411114344
CAATTCCCTGGAGCTTGGTGACTCTGCTGTGTATTTCTGTGCCAGCAGCCAAACTTTTCCGAACACCGGGGAGCTGTTTTTGGAGAA	1	0.000290951411114344
GAGTCGCCCAGCCCCAACCAGACCTCTCTGTACTTCTGTGCCAGCAGTTTATCTGGGGGAGGGCCTCGTGAGCAGTTCTTCGGGCCA	1	0.000290951411114344
CTGGAGTCCGCCAGCACCAACCAGACATCTATGTACCTCTGTGCCACCGGACTACCGGGACAGACTTATGGCTACACCTTCGGTTCG	1	0.000290951411114344
NTGTCGGCTGCTCCCTCCCAGACATCTGTGTACTTCTGTGCCAGCAGGGGAAGGGTTCATAGCAATCAGCCCCAGCATTTTGGTGAT	1	0.000290951411114344
NTGAAGATCCAGCCCTCAGAACCCAGGGACTCAGCTGTGTACTTCTGTGCCAGCAGCTTTGGACAGACTAAACTGTTTTTTGGCAGT	1	0.000290951411114344
GTGAGCAACATGAGCCCTGAAGACAGCAGCATATATCTCTGCAGCGTCCTCGTGGGTTTCTCTGGAAACACCATATATTTTGGAGAG	1	0.000290951411114344
AGCACCTTGGAGCTGGGGGACTCGGCCCTTTATCTTTGCGCCAGCAGCCCCGGCCAGATCTACGCAGATACGCAGTATTTTGGCCCA	1	0.000290951411114344
TCAACTCTGACTGTGAGCAACATGAGCCCTGAAGACAGCAGCATATATCTCTGCAGCGTTGATCAAGAGACCCAGTACTTCGGGCCA	1	0.000290951411114344
CGCACAGAGCAGGAGGACTCGGCCGTGTATCTCTGTGCCAGCAGCTTACTTCCTAGCGGGAGCGGGGGTGAGCAGTTCTTCGGGCCA	1	0.000290951411114344
GCAGAACTGGAGGATTCTGGAGTTTATTTCTGTGCCAGCAGCCACTCGGCCCCGGGACTCCTCTCCTACGAGCAGTACTTCGGGCCG	1	0.000290951411114344
GTGACCAGTGCCCATCCTGAAGACAGCAGCTTCTACATCTGCAGTGCTTATTACGGGACTAGCAAGGATGAGCAGTTCTTCGGGCCA	1	0.000290951411114344
NNNNNNNTGTCGGCTGCTCCCTCCCAAACATCTGTGTACTTCTGTGCCAGCAGTTTGGGTGGGTCCTTTGGCTACACCTTCGGTTCG	1	0.000290951411114344
CTAGAGTCTGCCATCCCCAACCAGACAGCTCTTTACTTCTGTGCCACCAGTGATGTAGGGGCGATGGAGACCCAGTACTTCGGGCCA	1	0.000290951411114344
AATGTGAGCACCTTGGAGCTGGGGGACTCGGCCCTTTATCTTTGCGCCAGCAGCTTGGGGAGCCAAGAGACCCAGTACTTCGGGCCA	1	0.000290951411114344
GTCGCCCAGCCCCAACCAGACCTCTCTGTACTTCTGTGCCACCGACCTGAGGTTCCGGACCCGATGTCACCCCTCCACTTTGGGAAT	2	0.000581902822228688
AGCACCAACCAGACATCTATGTACCTCTGTGCCAGCAGTTCCTCGGGACAGGGATCCCGATATTACAATGAGCAGTTCTTCGGGCCA	1	0.000290951411114344
NNNNTGTCGGCTGCTCCCTCCCAGACATCTGTGTACTTCTGTGCCAGCAGTGAAACTTGGACAAATGCTGAAGCTTTCTTTGGACAA	1	0.000290951411114344
AGTGCCCATCCTGAAGACAGCAGCTTCTACATCTGCAGTGCTAGAGATTCGTGGCAGGGGAGCTCCTACGAGCAGTACTTCGGGCCG	1	0.000290951411114344
ATCCGGTCCACAAAGCTGGAGGACTCAGCCATGTACTTCTGTGCCAGCAACTCCAGGGAGGGGGATTCACCCCTCCACTTTGGGAAT	2	0.000581902822228688
ATTCAGCGCACAGAGCAGCGGGACTCAGCCATGTATCGCTGTGCCAGCAGCCCCCGACAGATCCACTATGGCTACACCTTCGGTTCG	1	0.000290951411114344
GTGCAGCCTGCAGAACTGGAGGATTCTGGAGTTTATTTCTGTGCCAGCAGCCAAGACGACGGAAACTATGGCTACACCTTCGGTTCG	1	0.000290951411114344
ACCCGACAGCTTTCTATCTCTGTGCCAGTAGTACCTCCCGGGACTAGCAGGTCGGGCTGGCTGACCGGGGAGCTGTTTTTTGGAGAA	1	0.000290951411114344
CTGGGGGACTCGGCCCTTTATCTTTGCGCCAGCAGCTCGGGACTAGCGGGAGGGGGCCCTAGCACAGATACGCAGTATTTTGGCCCA	1	0.000290951411114344
AACGCCTTGTTGCTGGGGGACTCGGCCCTGTATCTCTGTGCCAGCACCCGCACGACAGGGGAGGATGAAAAACTGTTTTTTGGCAGT	2	0.000581902822228688
CAGCAGGTAGTGCGAGGAGATTCGGCAGCTTATTTCTGTGCCAGCTCACCAAGCTTGGCGGTGGATGTGGAGCAGTACTTCGGGCCG	1	0.000290951411114344
AATGTGAACGCCTTGTTGCTGGGGGACTCGGCCCTCTATCTCTGTGCCAGCACCCGAGGCAACTCCTACGAGCAGTACTTCGGGCCG	1	0.000290951411114344
TCGGCTGCTCCCTCCCAGACATCTGTGTACTTCTGTGCCAGCAGTGAGTGGCCGGGACAAGAGAATCAGCCCCAGCATTTTGGTGAT	1	0.000290951411114344
CACACCCTGCAGCCAGAAGACTCGGCCCTGTATCTCTGCGCCAGCAGCCAAGATCACGGGGGGGGCCAGCCCCAGCATTTTGGTGAT	1	0.000290951411114344
CTTGTTGCTGGGGGACTCGGCCCTCTATCTCTGTGCCAGCAGCCCATACCGGGACGGACTCTCTGCTATGGCTACACCTTCGGTTCG	2	0.000581902822228688
ATCCAGCAGGTAGTGCGAGGAGATTCGGCAGCTTATTTCTGTGCCAGCTCACCCGCAACAGGGGGCACTGAAGCTTTCTTTGGACAA	2	0.000581902822228688
AGATGAATGTGAGCACCTTGGAGCTGGGGGACTCGGCCCTTTATCTTTGCGCCAGCAGCTCAAAAAACTGAAGCTTTCTTTGGACAA	2	0.000581902822228688
AGTTCTAAGAAGCTCCTTCTCAGTGACTCTGGCTTCTATCTCTGTGCCTGGGACATTGGGGGGGGTCAGCCCCAGCATTTTGGTGAT	1	0.000290951411114344
CAGCGCACAGAGCGGGGGGACTCAGCCGTGTATCTCTGTGCCAGCAGCTCCTCAGCGGGACTTTTCTACGAGCAGTACTTCGGGCCG	1	0.000290951411114344
CTGACTGTGAGCAACATGAGCCCTGAAGACAGCAGCATATATCTCTGCAGCGTCCTCGCCGGGTTAGATACGCAGTATTTTGGCCCA	1	0.000290951411114344
CTAAACCTGAGCTCTCTGGAGCTGGGGGACTCAGCTTTGTATTTCTGTGCCAGCAGCCCCGGAATCAATGAGCAGTTCTTCGGGCCA	1	0.000290951411114344
TTGGAGCTGGGGGACTCGGCCCTTTATCTTTGCGCCAGCAGCTTGGAATTGGGACCAACCGGCGACACTGAAGCTTTCTTTGGACAA	1	0.000290951411114344
AATCCTGTCCTCAGAACCGGGAGACACGGCACTGTATCTCTGCGCCAGCAGTCAAGACAATTTAACACTGAAGCTTTCTTTGGACAA	2	0.000581902822228688
GAGTCCGCCAGCACCAACCAGACATCTATGTACCTCTGTGCCAGCAGTTTCTCCGATATAAGCTACAATGAGCAGTTCTTCGGGCCA	1	0.000290951411114344
ACAGTGACCAGTGCCCATCCTGAAGACAGCAGCTTCTACATCTGCAGTGCTAGAGCGGCAGGGTTGTATGGCTACACCTTCGGTTCG	1	0.000290951411114344
ATCCGCTCACCAGGCCTGGGGGACGCAGCCATGTACCTGTGTGCCACCAGCAGAGATTCGGGCACCGGGGAGCTGTTTTTTGGAGAA	1	0.000290951411114344
GTCGCCCAGCCCCAACCAGACCTCTCTGTACTTCTGTGCCAGCAGTTTCAAGGAGGGGGCGGCAATCAGCCCCAGCATTTTGGTGAT	1	0.000290951411114344
CTGAGTTCTAAGAAGCTCCTTCTCAGTGACTCTGGCTTCTATCTCTGTGCCGGGACTAGCGGCTCCTACGAGCAGTACTTCGGGCCG	1	0.000290951411114344
TCGGCCCAAAAGAACCCGACAGCTTTCTATCTCTGTGCCAGTAGTAGAGGACAGAGCTCTGGGGCCAACGTCCTGACTTTCGGGGCC	1	0.000290951411114344
CTGAAGATCCGGTCCACAAAGCTGGAGGACTCAGCCATGTACTTCTGTGCCAGTCGAAGGAGCGTTTACGAGCAGTACTTCGGGCCG	1	0.000290951411114344
TCCGCTACCAGCTCCCAGACATCTGTGTACTTCTGTGCCATCAGTTCTCGTTCCCTAACTAGCACAGATACGCAGTATTTTGGCCCA	1	0.000290951411114344
ATCCTGGAGTCGCCCAGCCCCAACCAGACCTCTCTGTACTTCTGTGCCAGCAGTGGAGCAGGTACAGGCGAGCAGTACTTCGGGCCG	2	0.000581902822228688
GTGAACGCCTTGGAGCTGGACGACTCGGCCCTGTATCTCTGTGCCAGCAGCTTTGGGAGGGTGGGAGATACGCAGTATTTTGGCCCA	1	0.000290951411114344
CTGGAGTCCGCTACCAGCTCCCAGACATCTGTGTACTTCTGTGCCATCAAGCTGGGGAGCAATAATTCACCCCTCCACTTTGGGAAT	1	0.000290951411114344
CAGCAGGTAGTGCGAGGAGATTCGGCAGCTTATTTCTGTGCCAGCTCCCTAGGACCCGGAGAGGGCTATGGCTACACCTTCGGTTCG	1	0.000290951411114344
CACGCCCTGCAGCCAGAAGACTCAGCCCTGTATCTCTGCGCCAGCAGCCAAGAAGAATTCCGCATGACTGAAGCTTTCTTTGGACAA	2	0.000581902822228688
ACGTTGGCGTCTGCTGTACCCTCTCAGACATCTGTGTACTTCTGTGCCAGCAGTGACGGGGAGGCAGATACGCAGTATTTTGGCCCA	6	0.00174570846668606
CTACACGCCCTGCAGCCAGAAGACTCAGCCCTGTATCTCTGCGCCAGCAGCCAAGTGGGGGGGAACTATGGCTACACCTTCGGTTCG	1	0.000290951411114344
ATCCAACCTGCAAAGCTTGAGGACTCGGCCGTGTATCTCTGTGCCAGCAGCCCCGAAACCAGACGCGCTGAAGCTTTCTTTGGACAA	1	0.000290951411114344
AATGTGAACGCCTTGGAGCTGGACGACTCGGCCCTGTATCTCTGTGCCAGCAGCTTGGACCGAGGGAATGAGCAGTTCTTCGGGCCA	1	0.000290951411114344
CCCTCAGAACCCAGGGACTCAGCTGTGTACTTCTGTGCCAGCACCGTACCCCTAGCGGGAGTCACCGGGGAGCTGTTTTTTGGAGAA	1	0.000290951411114344
TGGAGTCTGCCAGGCCCTCACATACCTCTCAGTACCTCTGTGCCTTCAATGGGGGACACCTTCACAGATACGCAGTATTTTGGCCCA	1	0.000290951411114344
CAACCTGCAAAGCTTGAGGACTCGGCCGTGTATCTCTGTGCCAGCAGCACAGGGTTGTCCTCTGGAAACACCATATATTTTGGAGAG	1	0.000290951411114344
NNNNNNNNTGTCGGCTGCTCCCTCCCAGACATCTGTGTACTTCTGTGCCCCCCCTCGGACAGGCCCTACGAGCAGTACTTCGGGCCG	1	0.000290951411114344
GAGTCCGCTACCAGCTCCCAGACATCTGTGTACTTCTGTGCATTAAGTGAGCAGTTATCTAGCACAGATACGCAGTATTTTGGCCCA	1	0.000290951411114344
NNNNTGTCGGCTGCTCCCTCCCAGACATCTGTGTACTTCTGTGCCAGCAGTTACTCGATTAGGGGTCACGAGCAGTACTTCGGGCCG	2	0.000581902822228688
CCCTGCAGCCAGAAGACTCGGCCCTGTATCTCTGTGCCAGCAGCCAAGATGGGTCGGTGGGGACAGGCTGGCTACACCTTCGGTTCG	1	0.000290951411114344
CTGGAGTCCGCCAGCACCAACCAGACATCTATGTACCTCTGTGCCAGCAGTTTAGGAGAAGGAACAGATACGCAGTATTTTGGCCCA	1	0.000290951411114344
TCTCTGGAGCTGGGGGACTCAGCTTTGTATTTCTGTGCCAGCAGCGTAGGTTTGAGACAGGTCCAAGAGACCCAGTACTTCGGGCCA	1	0.000290951411114344
GGAGATCCAGTCCACGGAGTCAGGGGACACAGCACTGTATTTCTGTGCCAGCAGCAACGTTAATTCTTGCCGCAGTTCTTCGGGCCA	1	0.000290951411114344
GCCTTGTTGCTGGGGGGCTCGGCCCTCTATCTCTGTGCCAGCAGCTTGGTCCCCATCTCTGGGGCCAACGTCCTGACTTTCGGGGCC	1	0.000290951411114344
GCTGCTCCCTCCCAGACATCTGTGTACTTCTGTGCCAGCAGTCCGATACAGGGGGCGACGGCTGGAAACACCATATATTTTGGAGAG	1	0.000290951411114344
CTCCCTCCCAAACATCTGTGTACTTCTGTGCCAGCAGTCCTCCCGGGACAGGGTAGCTACTCTGGAAACACCATATATTTTGGAGAG	1	0.000290951411114344
AGTTCTAAGAAGCTCCTTCTCAGTGACTCTGGCTTCTATCTCTGTGCCTGGAGCGCGCAGGGTTACACTGAAGCTTTCTTTGGACAA	2	0.000581902822228688
ATCCTGGAGTCGCCCAGCCCCAACCAGACCTCTCTGTACTTCTGTGCCAGCAGTCCCCGTCGTCAAGAGACCCAGTACTTCGGGCCA	1	0.000290951411114344
NNNNTGTCGGCTGCTCCCTCCCAGACATCTGTGTACTTCTGTGCCAGCAGGATCGGGGACAGGGGTTCACCCCTCCACTTTGGGAAT	1	0.000290951411114344
